DRUG,WORD,STRING_SIM,PHONET_SIM,MATCH
risperidona,risperdina,0.86850,0.92603,1
risperidona,risperdiona,0.91000,0.95500,1
risperidona,risperdona,0.95834,0.97657,1
risperidona,risperidal,0.82857,0.85294,0
risperidona,risperidana,0.90000,0.94125,1
risperidona,risperidena,0.91000,0.94625,1
risperidona,risperideno,0.87000,0.92625,1
risperidona,risperidina,0.91000,0.94625,1
risperidona,risperidiona,0.95834,0.97719,1
risperidona,risperidna,0.92839,0.95598,1
risperidona,risperidoan,0.92000,0.96000,1
risperidona,risperidon,0.94836,0.96783,1
risperidona,risperidona,1.00000,1.00000,1
risperidona,risperidone,0.94000,0.96250,1
risperidona,risperidons,0.94000,0.95416,1
risperidona,risperidoona,0.96832,0.99406,1
risperidona,risperieona,0.91000,0.91233,1
risperidona,risperifdona,0.92839,0.92725,1
risperidona,risperifona,0.88000,0.87438,1
risperidona,risperina,0.87043,0.88693,0
risperidona,risperindona,0.94836,0.95408,1
risperidona,risperiodna,0.90000,0.95000,1
risperidona,risperiona,0.92839,0.92413,1
risperidona,risperisona,0.91000,0.88875,1
risperidona,risperodona,0.93000,0.96188,1
risperidona,rispertidona,0.92839,0.93724,1
risperidona,rispiredona,0.89000,0.93438,1
risperidona,rispireridona,0.91989,0.94473,1
risperidona,rispiridona,0.91000,0.94625,1
risperidona,rispirodona,0.86000,0.91750,1
risperidona,rispirona,0.83087,0.86406,0
risperidona,rispperidona,0.96832,0.99406,1
risperidona,risprazidona,0.83855,0.88169,1
risperidona,rispridona,0.92839,0.95598,1
risperidona,rispéridona,0.88000,0.99250,1
risperidona,risteridona,0.88000,0.88938,1
risperidona,rploratadina,0.61893,0.70761,0
risperidona,rsiperidona,0.91000,0.95188,1
risperidona,rsisperidona,0.92839,0.95658,1
risperidona,rsperidona,0.95834,0.97407,1
risperidona,spperineo,0.78141,0.79820,0
risperidona,supervisiona,0.75869,0.73054,0
risperidona,supervisona,0.77000,0.73375,0
risperidona,supervisonada,0.76163,0.75040,0
risperidona,suspenderia,0.75000,0.77500,0
risperidona,ulceraspernas,0.62315,0.66556,0
sinvastatina,aatorvastatina,0.85065,0.87456,0
sinvastatina,adnistatina,0.80860,0.83865,0
sinvastatina,artorvastatina,0.81108,0.83293,0
sinvastatina,artrovastatina,0.81108,0.83293,0
sinvastatina,atorvastaina,0.81000,0.82927,0
sinvastatina,atorvastastina,0.82098,0.83663,0
sinvastatina,atorvastateina,0.80119,0.84131,0
sinvastatina,atorvastatian,0.78864,0.84110,0
sinvastatina,atorvastatin,0.83000,0.85938,0
sinvastatina,atorvastatina,0.85851,0.87604,0
sinvastatina,atorvastationa,0.79130,0.83636,0
sinvastatina,atorvastina,0.79862,0.82242,0
sinvastatina,atosvastatina,0.88846,0.90664,0
sinvastatina,atraovastatina,0.84076,0.86727,0
sinvastatina,atrovastatina,0.85851,0.87604,0
sinvastatina,fluvastatina,0.83000,0.85438,0
sinvastatina,inestinais,0.75174,0.80115,0
sinvastatina,instestinais,0.75000,0.79750,0
sinvastatina,intestinai,0.75174,0.79621,0
sinvastatina,intestinasis,0.75000,0.77063,0
sinvastatina,invastatina,0.96832,0.97155,0
sinvastatina,ivantina,0.75060,0.80181,0
sinvastatina,lovastatina,0.85851,0.87421,0
sinvastatina,niastatina,0.87043,0.88966,0
sinvastatina,nistaina,0.77874,0.82497,0
sinvastatina,nistatiana,0.79130,0.84759,0
sinvastatina,nistatina,0.83378,0.86935,0
sinvastatina,nistatinam,0.81108,0.83293,0
sinvastatina,nistatitina,0.83855,0.85987,0
sinvastatina,nistatyina,0.79130,0.86139,0
sinvastatina,nistratina,0.79130,0.81680,0
sinvastatina,parvastatina,0.85000,0.86125,0
sinvastatina,pravastatin,0.80860,0.83858,0
sinvastatina,pravastatina,0.85000,0.86125,0
sinvastatina,pravastina,0.78141,0.80312,0
sinvastatina,rivagastrina,0.75000,0.76669,0
sinvastatina,rivastgmina,0.75869,0.77283,0
sinvastatina,rivastigmina,0.76000,0.77234,0
sinvastatina,rosuvastartina,0.78141,0.78137,0
sinvastatina,sandostatin,0.75869,0.81113,0
sinvastatina,sibcastatina,0.83000,0.82625,0
sinvastatina,sicvastatina,0.91000,0.91000,0
sinvastatina,siinvastatina,0.96832,0.99406,1
sinvastatina,simvastatin,0.88846,0.90663,1
sinvastatina,simvastatina,0.91000,0.91875,1
sinvastatina,sinastatina,0.92839,0.92850,1
sinvastatina,sinasvtatina,0.90000,0.92438,1
sinvastatina,sinavastatina,0.94836,0.97220,1
sinvastatina,sincastatina,0.89000,0.88313,0
sinvastatina,sincvastatina,0.92839,0.92913,1
sinvastatina,sintastatina,0.91000,0.90875,0
sinvastatina,sinvanstatina,0.95834,0.96219,1
sinvastatina,sinvasatatina,0.95834,0.94097,1
sinvastatina,sinvasstaina,0.93000,0.96000,1
sinvastatina,sinvastacor,0.80860,0.83546,0
sinvastatina,sinvastadina,0.92000,0.93750,1
sinvastatina,sinvastaina,0.95834,0.96531,1
sinvastatina,sinvastaitna,0.91000,0.95500,1
sinvastatina,sinvastarina,0.92000,0.91875,1
sinvastatina,sinvastartina,0.92839,0.92913,1
sinvastatina,sinvastastina,0.95834,0.95658,1
sinvastatina,sinvastataina,0.95834,0.97719,1
sinvastatina,sinvastatatina,0.95945,0.96389,1
sinvastatina,sinvastatian,0.93000,0.96500,1
sinvastatina,sinvastatiana,0.95834,0.97782,1
sinvastatina,sinvastatin,0.97831,0.98780,1
sinvastatina,sinvastatina,1.00000,1.00000,1
sinvastatina,sinvastatinae,0.95834,0.97345,1
sinvastatina,sinvastatinas,0.97831,0.97966,1
sinvastatina,sinvastatins,0.97000,0.97415,1
sinvastatina,sinvastationa,0.92839,0.95723,1
sinvastatina,sinvastatna,0.95834,0.97719,1
sinvastatina,sinvastatoina,0.92839,0.95723,1
sinvastatina,sinvastattina,0.96832,0.99406,1
sinvastatina,sinvastina,0.94956,0.95894,1
sinvastatina,sinvastitina,0.95000,0.97188,1
sinvastatina,sinvastqatina,0.92839,0.93162,1
sinvastatina,sinvasttaina,0.93000,0.96000,1
sinvastatina,sinvasttatina,0.96832,0.99406,1
sinvastatina,sinvasttian,0.87848,0.92398,1
sinvastatina,sinvasttina,0.95834,0.96059,1
sinvastatina,sinvestatina,0.91000,0.94625,1
sinvastatina,sinvstatin,0.91989,0.95679,1
sinvastatina,sinvstatina,0.94836,0.97220,1
sinvastatina,sionvastatina,0.92839,0.95660,1
sinvastatina,sisvastatina,0.93000,0.94563,1
sinvastatina,sivastantina,0.90000,0.91000,1
sinvastatina,sivsstatina,0.87848,0.92208,1
sinvastatina,snvastatina,0.94836,0.97220,1
sinvastatina,szinvastatina,0.92839,0.94036,1
sinvastatina,torvastatina,0.85000,0.87125,0
sinvastatina,vintaminas,0.77152,0.80004,0
atenolol,atenolol,1.00000,1.00000,1
diazepam,diazepam,1.00000,1.00000,1
dipirona,dipirona,1.00000,1.00000,1
glicose,glicose,1.00000,1.00000,1
insulina,insulina,1.00000,1.00000,1
amitriptilina,aaamitriptlina,0.92839,0.97158,1
amitriptilina,aamitriptilina,0.97831,0.99593,1
amitriptilina,aimitriptilina,0.94836,0.97220,1
amitriptilina,aitriptilina,0.92839,0.94223,1
amitriptilina,amaitriptilina,0.95834,0.97782,1
amitriptilina,amatripilina,0.89845,0.92975,1
amitriptilina,amiitriptlina,0.92000,0.97000,1
amitriptilina,amiotriptilina,0.93838,0.96284,1
amitriptilina,amipriptilina,0.92000,0.94000,1
amitriptilina,amipritilina,0.87848,0.90105,1
amitriptilina,amiptripitilina,0.89022,0.92677,1
amitriptilina,amiptriptilina,0.94836,0.95783,1
amitriptilina,amiptritilina,0.90000,0.91875,1
amitriptilina,amiriptilina,0.94836,0.95408,1
amitriptilina,amiriptlina,0.89022,0.92303,1
amitriptilina,amiritpilina,0.84853,0.86923,1
amitriptilina,amirtiptilina,0.90000,0.91250,1
amitriptilina,amirtitpilina,0.82000,0.84875,1
amitriptilina,amistiripilina,0.85851,0.87540,1
amitriptilina,amitiptiilina,0.91000,0.92505,1
amitriptilina,amitiptilina,0.92839,0.92850,1
amitriptilina,amitiriptilina,0.95834,0.97719,1
amitriptilina,amitirpitilina,0.86850,0.93227,1
amitriptilina,amitirptilina,0.91000,0.95500,1
amitriptilina,amititriptilina,0.95945,0.96389,1
amitriptilina,amitptilina,0.91000,0.91732,1
amitriptilina,amitriiptilna,0.92000,0.97000,1
amitriptilina,amitrilina,0.89195,0.90771,1
amitriptilina,amitriltilina,0.91000,0.92000,1
amitriptilina,amitripetilina,0.93838,0.96284,1
amitriptilina,amitripilin,0.91989,0.94161,1
amitriptilina,amitripilina,0.95834,0.96219,1
amitriptilina,amitripillina,0.93000,0.95688,1
amitriptilina,amitripiltilina,0.93967,0.94651,1
amitriptilina,amitripiltina,0.90000,0.91188,1
amitriptilina,amitripitalina,0.89845,0.94662,1
amitriptilina,amitripitilina,0.95834,0.97719,1
amitriptilina,amitripitina,0.90843,0.91977,1
amitriptilina,amitripitlina,0.92000,0.96000,1
amitriptilina,amitriplilina,0.95000,0.94813,1
amitriptilina,amitriplina,0.91989,0.94099,1
amitriptilina,amitripltilina,0.94836,0.95283,1
amitriptilina,amitripltina,0.89845,0.90912,1
amitriptilina,amitriprilina,0.95000,0.95063,1
amitriptilina,amitripritilina,0.94956,0.95458,1
amitriptilina,amitriprtilina,0.95834,0.96095,1
amitriptilina,amitript,0.78785,0.84219,1
amitriptilina,amitriptalina,0.95000,0.97250,1
amitriptilina,amitriptiia,0.84076,0.87184,1
amitriptilina,amitriptiilina,0.96832,0.99406,1
amitriptilina,amitriptiilna,0.92000,0.97000,1
amitriptilina,amitriptiina,0.92839,0.92511,1
amitriptilina,amitriptila,0.90011,0.92735,1
amitriptilina,amitriptili,0.93967,0.94776,1
amitriptilina,amitriptilia,0.92839,0.94348,1
amitriptilina,amitriptilian,0.93000,0.96500,1
amitriptilina,amitriptiliana,0.95834,0.97782,1
amitriptilina,amitriptiliapara,0.83378,0.88428,1
amitriptilina,amitriptilibna,0.93838,0.94036,1
amitriptilina,amitriptilida,0.90000,0.91438,1
amitriptilina,amitriptiliina,0.96832,0.99406,1
amitriptilina,amitriptilima,0.91000,0.93438,1
amitriptilina,amitriptilin,0.97831,0.98780,1
amitriptilina,amitriptilina,1.00000,1.00000,1
amitriptilina,amitriptilinas,0.95834,0.95408,1
amitriptilina,amitriptilinha,0.93838,0.97033,1
amitriptilina,amitriptilins,0.94000,0.94356,1
amitriptilina,amitriptiliona,0.93838,0.96284,1
amitriptilina,amitriptillina,0.96832,0.99406,1
amitriptilina,amitriptilna,0.95834,0.97719,1
amitriptilina,amitriptilne,0.88846,0.93539,1
amitriptilina,amitriptilnia,0.89000,0.94500,1
amitriptilina,amitriptilçina,0.93838,0.93786,1
amitriptilina,amitriptina,0.91989,0.92352,1
amitriptilina,amitriptinina,0.91000,0.92063,1
amitriptilina,amitriptinlina,0.94836,0.95658,1
amitriptilina,amitriptiplina,0.95834,0.96219,1
amitriptilina,amitriptiptilina,0.94043,0.95050,1
amitriptilina,amitriptlina,0.95834,0.97719,1
amitriptilina,amitriptrilina,0.95834,0.96344,1
amitriptilina,amitriptriplina,0.93967,0.94777,1
amitriptilina,amitripttilina,0.96832,0.99406,1
amitriptilina,amitriptuilina,0.93838,0.96284,1
amitriptilina,amitritilian,0.85851,0.90105,1
amitriptilina,amitritilina,0.92839,0.93599,1
amitriptilina,amitritipilina,0.89845,0.92037,1
amitriptilina,amitritpililina,0.89022,0.90743,1
amitriptilina,amitritpilina,0.91000,0.92813,1
amitriptilina,amitritpilna,0.86850,0.90539,1
amitriptilina,amitritpiltilna,0.86054,0.89399,1
amitriptilina,amitritpiltina,0.86850,0.89044,1
amitriptilina,amitritpitilina,0.90011,0.93110,1
amitriptilina,amitritplina,0.88846,0.91538,1
amitriptilina,amitritptilina,0.95834,0.96219,1
amitriptilina,amitritptlina,0.91000,0.93604,1
amitriptilina,amitritrpilina,0.90843,0.92725,1
amitriptilina,amitroptilina,0.92000,0.95250,1
amitriptilina,amitrpilina,0.90011,0.93110,1
amitriptilina,amitrpiptilna,0.90000,0.93416,1
amitriptilina,amitrpitilina,0.91000,0.95500,1
amitriptilina,amitrpitlina,0.86850,0.93227,1
amitriptilina,amitrptilia,0.87043,0.91252,1
amitriptilina,amitrptilina,0.95834,0.97719,1
amitriptilina,amitrriptilina,0.96832,0.91844,1
amitriptilina,amitrtiiptilina,0.93967,0.95557,1
amitriptilina,amitrtipilina,0.90000,0.92313,1
amitriptilina,amitrtiptilina,0.94836,0.95720,1
amitriptilina,amitrtitpilina,0.87848,0.90479,1
amitriptilina,amitrtriptilina,0.95945,0.96199,1
amitriptilina,amitryptilina,0.92000,0.98500,1
amitriptilina,amittripilina,0.92000,0.95500,1
amitriptilina,amittriptilina,0.96832,0.99406,1
amitriptilina,amityriptilina,0.93838,0.97345,1
amitriptilina,ammitriptilina,0.96832,0.99406,1
amitriptilina,amotriptilina,0.91000,0.94750,1
amitriptilina,amptriptilina,0.92000,0.94167,1
amitriptilina,amtiptilina,0.87043,0.89754,1
amitriptilina,amtirotilina,0.79862,0.86360,1
amitriptilina,amtirptilina,0.86850,0.93227,1
amitriptilina,amtripitilina,0.90000,0.95000,1
amitriptilina,amtriplina,0.87256,0.91677,1
amitriptilina,amtriptilina,0.94836,0.97220,1
amitriptilina,amytriptilina,0.91000,0.98313,1
amitriptilina,anitripicilina,0.82857,0.84418,0
amitriptilina,anmitriptilina,0.94836,0.96282,1
amitriptilina,antitripsina,0.76867,0.78361,0
amitriptilina,antitriptilina,0.88846,0.91103,1
amitriptilina,asmitarypatailina,0.69430,0.83351,0
amitriptilina,deamitriptilina,0.91989,0.93350,1
amitriptilina,emitriptilina,0.93000,0.95813,1
amitriptilina,iamitriptilina,0.96832,0.98218,1
amitriptilina,imitripilina,0.90843,0.93474,1
amitriptilina,itriptilina,0.91989,0.93600,0
amitriptilina,lamitrogina,0.75174,0.78266,0
amitriptilina,lamtrigina,0.75622,0.79184,0
amitriptilina,mimtriptiliun,0.81000,0.87856,0
amitriptilina,mitripilina,0.91989,0.94099,1
amitriptilina,mitriptilina,0.96832,0.98218,1
amitriptilina,mitriptlina,0.91989,0.95679,1
amitriptilina,mnortriptilina,0.83855,0.87785,0
amitriptilina,naratriptana,0.75869,0.80237,0
amitriptilina,neotriptilina,0.81000,0.86625,0
amitriptilina,noitriptilina,0.87000,0.90250,0
amitriptilina,nortipitilina,0.77000,0.82813,0
amitriptilina,nortiptilina,0.78864,0.83485,0
amitriptilina,nortiriptilina,0.80860,0.86048,0
amitriptilina,nortreptilina,0.75000,0.82235,0
amitriptilina,nortripilina,0.79862,0.83672,0
amitriptilina,nortripitilina,0.78864,0.85050,0
amitriptilina,nortripitlina,0.76000,0.83359,0
amitriptilina,nortriplina,0.77152,0.82083,0
amitriptilina,nortripltilina,0.78864,0.82446,0
amitriptilina,nortriptiina,0.76867,0.79845,0
amitriptilina,nortriptilian,0.77000,0.83859,0
amitriptilina,nortriptililina,0.80119,0.84136,0
amitriptilina,nortriptilin,0.76867,0.82755,0
amitriptilina,nortriptilina,0.83000,0.86859,0
amitriptilina,nortriptilna,0.79862,0.85056,0
amitriptilina,nortriptlina,0.79862,0.85056,0
amitriptilina,nortritilina,0.76867,0.79987,0
amitriptilina,nortritpilina,0.76000,0.80551,0
amitriptilina,nortritptilina,0.79862,0.83625,0
amitriptilina,nortrptilina,0.78864,0.84557,0
amitriptilina,notripitlina,0.77865,0.85423,0
amitriptilina,notriprilina,0.80860,0.84358,0
amitriptilina,notriptilina,0.84853,0.88917,0
amitriptilina,notriptlina,0.80119,0.86316,0
amitriptilina,notritpilina,0.77865,0.82423,0
amitriptilina,notritpitlina,0.75000,0.82422,0
amitriptilina,notritptilina,0.82000,0.85922,0
amitriptilina,prescramitriptilina,0.73211,0.77262,0
amitriptilina,rnotriptilina,0.84000,0.85236,0
amitriptilina,trilaminar,0.80470,0.83295,0
amitriptilina,triptanal,0.75060,0.82601,0
amoxicilina,amaxacilina,0.85000,0.91563,1
amoxicilina,amaxicilina,0.91000,0.94750,1
amoxicilina,amicaccina,0.75869,0.68867,0
amoxicilina,aminifilina,0.75000,0.78000,0
amoxicilina,aminiofilina,0.75869,0.78612,0
amoxicilina,aminofilina,0.78000,0.79688,0
amoxicilina,aminoflilina,0.76867,0.79061,0
amoxicilina,amixicilina,0.90000,0.94250,1
amoxicilina,amixocilina,0.85000,0.91938,1
amoxicilina,amnofilina,0.77865,0.79985,0
amoxicilina,amocicilina,0.91000,0.92875,1
amoxicilina,amopicilina,0.88000,0.87750,1
amoxicilina,amoxacil,0.83378,0.88618,1
amoxicilina,amoxacilian,0.87000,0.93188,1
amoxicilina,amoxaciliana,0.88846,0.93913,1
amoxicilina,amoxacilikna,0.86850,0.88233,1
amoxicilina,amoxacilina,0.93000,0.96188,1
amoxicilina,amoxacilinamais,0.79751,0.88604,1
amoxicilina,amoxacilini,0.89000,0.94063,1
amoxicilina,amoxacillina,0.90843,0.95783,1
amoxicilina,amoxacilçina,0.86850,0.92725,1
amoxicilina,amoxalicina,0.89000,0.91063,1
amoxicilina,amoxcilina,0.94836,0.92270,1
amoxicilina,amoxiccilina,0.96832,0.92289,1
amoxicilina,amoxicicilina,0.95945,0.96514,1
amoxicilina,amoxiciina,0.92839,0.91575,1
amoxicilina,amoxicil,0.89195,0.91836,1
amoxicilina,amoxicilian,0.93000,0.96500,1
amoxicilina,amoxicilin,0.97831,0.98780,1
amoxicilina,amoxicilina,1.00000,1.00000,1
amoxicilina,amoxicilinaa,0.97831,0.99593,1
amoxicilina,amoxicilna,0.95834,0.97719,1
amoxicilina,amoxiciloina,0.95834,0.97594,1
amoxicilina,amoxicinla,0.87848,0.91351,1
amoxicilina,amoxiclavulanato,0.68042,0.69133,0
amoxicilina,amoxiclina,0.95834,0.87161,1
amoxicilina,amoxicuilina,0.92839,0.85227,1
amoxicilina,amoxilcilina,0.94836,0.95533,1
amoxicilina,amoxilcina,0.89845,0.91599,1
amoxicilina,amoxilclavul,0.72874,0.73013,0
amoxicilina,amoxilicilina,0.93967,0.94901,1
amoxicilina,amoxilicilna,0.89845,0.93037,1
amoxicilina,amoxilicina,0.90000,0.91875,1
amoxicilina,amoxilicna,0.89845,0.84915,1
amoxicilina,amoxiolicina,0.88846,0.90975,1
amoxicilina,amoxocilina,0.93000,0.96063,1
amoxicilina,amoxxicilina,0.96832,0.99406,1
amoxicilina,ampicilina,0.82857,0.84481,1
amoxicilina,ampilicina,0.76867,0.79361,0
amoxicilina,amppicilina,0.79000,0.83758,0
amoxicilina,amxicilina,0.92839,0.95723,1
amoxicilina,amxocilina,0.87848,0.93726,1
amoxicilina,amxoclavulanico,0.61924,0.65594,0
amoxicilina,amxoicilina,0.90000,0.95000,1
amoxicilina,anmoxicilana,0.88846,0.92912,1
amoxicilina,cdamoxicilina,0.91989,0.88719,1
amoxicilina,clindamicin,0.77000,0.75146,0
amoxicilina,clindamicina,0.76867,0.75443,0
amoxicilina,comcarolina,0.71000,0.65632,0
amoxicilina,cpmamoxicilina,0.88226,0.87144,1
amoxicilina,doxaciclina,0.80000,0.75998,0
amoxicilina,doxiciclina,0.85000,0.79185,0
amoxicilina,doxiclina,0.82098,0.72020,0
amoxicilina,floxicina,0.79130,0.80002,0
amoxicilina,iamoxicilina,0.96832,0.98218,1
amoxicilina,lornoxicam,0.76867,0.73883,0
amoxicilina,maxilofacial,0.66884,0.75878,0
amoxicilina,meloxicam,0.76163,0.72621,0
amoxicilina,meloxican,0.75174,0.74123,0
amoxicilina,micccional,0.75869,0.76171,0
amoxicilina,miccinal,0.75622,0.75576,0
amoxicilina,miccinonal,0.75869,0.76692,0
amoxicilina,miccional,0.76163,0.76226,0
amoxicilina,miciconal,0.77152,0.77280,0
amoxicilina,micinazol,0.75174,0.85010,0
amoxicilina,moxacilina,0.89845,0.94350,1
amoxicilina,moxicilina,0.96832,0.98218,1
amoxicilina,moxifloxacin,0.78864,0.83252,0
amoxicilina,moxifloxacina,0.80119,0.83952,1
amoxicilina,moxifloxacino,0.76163,0.81786,0
amoxicilina,omoxacilina,0.88000,0.93375,0
amoxicilina,oxiconazol,0.76867,0.73865,0
amoxicilina,pamoxacilina,0.88846,0.90978,1
amoxicilina,pilicilina,0.75869,0.78987,0
amoxicilina,policilina,0.77865,0.80547,0
amoxicilina,policilinca,0.76000,0.75434,0
amoxicilina,rifamoicina,0.75000,0.72938,0
amoxicilina,zmoxacilina,0.86000,0.91667,1
atenolol,alenronato,0.75174,0.79826,0
atenolol,almetenol,0.85851,0.86923,0
atenolol,alternos,0.75000,0.78180,0
atenolol,alternou,0.75000,0.79438,0
atenolol,anatendol,0.86850,0.88170,0
atenolol,antenolol,0.94836,0.96032,1
atenolol,antietanol,0.80119,0.86417,0
atenolol,atelnolol,0.94836,0.95533,1
atenolol,atencional,0.77152,0.82874,0
atenolol,atendela,0.75000,0.81563,0
atenolol,atentendo,0.76867,0.77252,0
atenolol,atrenolol,0.91841,0.91540,1
atenolol,centrolat,0.78864,0.79606,0
atenolol,coloateral,0.75174,0.74461,0
atenolol,dexpantenol,0.76592,0.79259,0
atenolol,enrolamento,0.75622,0.77987,0
atenolol,eventuaol,0.75869,0.77801,0
atenolol,faltendo,0.75000,0.78180,0
atenolol,fenoteraol,0.76163,0.76827,0
atenolol,fontenela,0.76867,0.81369,0
atenolol,intolernate,0.75622,0.79525,0
atenolol,latejando,0.75869,0.77314,0
atenolol,latexando,0.75869,0.78936,0
atenolol,mentolado,0.75869,0.78499,0
atenolol,monolateral,0.78531,0.80367,0
atenolol,ortolane,0.76000,0.80500,0
atenolol,osnolenta,0.77865,0.82055,0
atenolol,pantenol,0.88000,0.88922,0
atenolol,relatendo,0.77865,0.79498,0
atenolol,snolenta,0.79000,0.82551,0
atenolol,tensonal,0.79000,0.84360,0
atenolol,tentanto,0.75000,0.77493,0
atenolol,tolentino,0.75869,0.82365,0
atenolol,tratamentol,0.77561,0.79564,0
atenolol,treptanol,0.76867,0.80894,0
atenolol,tyllenol,0.80000,0.85824,0
atenolol,valtenor,0.77000,0.78306,0
atenolol,voltaren,0.75000,0.76370,0
captopril,acaptopril,0.96832,0.98281,1
captopril,acptopril,0.92000,0.96000,1
captopril,analopril,0.75000,0.76869,0
captopril,capartopril,0.91989,0.93849,0
captopril,capatopril,0.95834,0.97782,1
captopril,capiatal,0.75869,0.81685,0
captopril,capillar,0.78864,0.82039,0
captopril,capitalr,0.77865,0.84175,0
captopril,capitogrel,0.76867,0.84467,0
captopril,capitopril,0.94836,0.97095,1
captopril,caplopril,0.89000,0.89250,1
captopril,capopril,0.91841,0.92164,0
captopril,capptopril,0.96832,0.99406,1
captopril,capropril,0.89000,0.89625,1
captopril,caprtopril,0.94836,0.95408,1
captopril,captiopril,0.94836,0.97095,1
captopril,captipril,0.89000,0.93250,1
captopril,captoipril,0.94836,0.97282,1
captopril,captolpril,0.94836,0.95159,1
captopril,captoparil,0.95834,0.97657,1
captopril,captopil,0.91841,0.92164,1
captopril,captopiril,0.94836,0.97282,1
captopril,captoppril,0.96832,0.99406,1
captopril,captopreil,0.91841,0.94974,1
captopril,captopriil,0.96832,0.99406,1
captopril,captoprikl,0.91841,0.95346,1
captopril,captopril,1.00000,1.00000,1
captopril,captoprila,0.97831,0.98780,1
captopril,captoprile,0.94836,0.96596,1
captopril,captoprilk,0.94836,0.97405,1
captopril,captoprill,0.97831,0.99593,1
captopril,captoprilpara,0.86319,0.91565,1
captopril,captopriol,0.95834,0.97782,1
captopril,captoprli,0.92000,0.96000,1
captopril,captoproil,0.95834,0.97719,1
captopril,captoprol,0.90000,0.93875,1
captopril,captoptil,0.90000,0.90625,1
captopril,captoptril,0.95834,0.96344,1
captopril,captopçril,0.91841,0.96095,1
captopril,captoril,0.95834,0.96344,1
captopril,captorpil,0.91000,0.91938,1
captopril,captorpile,0.86850,0.89040,1
captopril,captorpril,0.94836,0.95408,1
captopril,captorril,0.95000,0.88701,1
captopril,captotpril,0.95834,0.96656,1
captopril,captpopril,0.95834,0.96656,1
captopril,captporil,0.91000,0.95500,1
captopril,captppril,0.90000,0.94379,1
captopril,captpril,0.91841,0.94724,1
captopril,captropial,0.84853,0.88729,0
captopril,captropil,0.90000,0.91438,1
captopril,captropril,0.94836,0.95408,1
captopril,capttpril,0.90000,0.94379,1
captopril,captyopril,0.91841,0.96534,1
captopril,captópril,0.86000,0.99125,1
captopril,cartopril,0.92000,0.93000,0
captopril,catopril,0.94836,0.95533,1
captopril,catorpil,0.84853,0.87173,0
captopril,catpopril,0.90000,0.92500,1
captopril,catptopril,0.94836,0.95845,1
captopril,cilazapril,0.75869,0.71181,0
captopril,citaloprm,0.77000,0.72875,0
captopril,citolapram,0.76867,0.72741,0
captopril,citopatol,0.78000,0.74496,0
captopril,cpatopril,0.90000,0.95000,1
captopril,cptopril,0.91841,0.94849,1
captopril,cptoptil,0.82857,0.85982,0
captopril,csaptoptil,0.82857,0.83679,0
captopril,micropril,0.75000,0.78125,0
captopril,practical,0.77000,0.81438,0
captopril,propratil,0.80000,0.82313,0
captopril,protocola,0.76000,0.81238,0
captopril,triciptal,0.77000,0.75375,0
captopril,tricptal,0.78864,0.83986,0
captopril,tropical,0.80860,0.83616,0
captopril,xiloproct,0.75000,0.76813,0
carbamazepina,cabamzepina,0.88032,0.90062,1
carbamazepina,cabarmazepina,0.90000,0.91375,1
carbamazepina,cambamazepina,0.91000,0.91125,1
carbamazepina,cambamzepina,0.85851,0.88415,0
carbamazepina,carabamazepian,0.88846,0.94288,1
carbamazepina,carabamazepina,0.95834,0.97782,1
carbamazepina,carbamaezepina,0.94836,0.97220,1
carbamazepina,carbamamazepina,0.95945,0.96451,1
carbamazepina,carbamapentina,0.80860,0.84302,1
carbamazepina,carbamapezina,0.85000,0.88625,1
carbamazepina,carbamazapeina,0.88846,0.94288,1
carbamazepina,carbamazapepina,0.91989,0.94473,1
carbamazepina,carbamazapina,0.92000,0.95250,1
carbamazepina,carbamazebina,0.92000,0.93938,1
carbamazepina,carbamazeina,0.92839,0.93724,1
carbamazepina,carbamazenina,0.91000,0.92438,1
carbamazepina,carbamazeoina,0.90000,0.91669,1
carbamazepina,carbamazeopina,0.93838,0.96284,1
carbamazepina,carbamazep,0.88226,0.91355,1
carbamazepina,carbamazepaina,0.95834,0.97657,1
carbamazepina,carbamazepian,0.93000,0.96500,1
carbamazepina,carbamazepima,0.93000,0.94438,1
carbamazepina,carbamazepin,0.97831,0.98780,1
carbamazepina,carbamazepina,1.00000,1.00000,1
carbamazepina,carbamazepinae,0.97831,0.98780,1
carbamazepina,carbamazepinam,0.97831,0.97966,1
carbamazepina,carbamazepinapor,0.90165,0.92860,1
carbamazepina,carbamazepinas,0.95834,0.96032,1
carbamazepina,carbamazepinna,0.96832,0.99406,1
carbamazepina,carbamazepiona,0.93838,0.96284,1
carbamazepina,carbamazepjna,0.90000,0.90796,1
carbamazepina,carbamazepna,0.92839,0.95723,1
carbamazepina,carbamazepína,0.90000,0.99375,1
carbamazepina,carbamazina,0.89022,0.91118,1
carbamazepina,carbamazipina,0.91000,0.94750,1
carbamazepina,carbamazp,0.78813,0.86053,1
carbamazepina,carbamazpeina,0.90000,0.95000,1
carbamazepina,carbamazpina,0.92839,0.95723,1
carbamazepina,carbamezapina,0.87000,0.93063,1
carbamazepina,carbamezepina,0.93000,0.96250,1
carbamazepina,carbamezina,0.84076,0.89206,1
carbamazepina,carbamizapina,0.85000,0.91688,1
carbamazepina,carbamnazepina,0.94836,0.95658,1
carbamazepina,carbamzepina,0.95834,0.97782,1
carbamazepina,carbapazebina,0.84000,0.87563,1
carbamazepina,carbmazepina,0.95834,0.97782,1
carbamazepina,carbomazaprina,0.79862,0.86983,1
carbamazepina,carbomazepina,0.92000,0.95250,1
carbamazepina,carbomezipina,0.79000,0.88438,1
carbamazepina,carmabamazepina,0.93967,0.94838,1
carbamazepina,carmabazepina,0.90000,0.92000,1
carbamazepina,carmamazepina,0.92000,0.93063,1
carbamazepina,carmapazepina,0.87000,0.89563,1
carbamazepina,carmazepina,0.91000,0.92419,1
carbamazepina,carmbamazeopina,0.88032,0.91372,1
carbamazepina,carmbamazepina,0.94836,0.95408,1
carbamazepina,clarbamazepina,0.93838,0.93661,1
carbamazepina,crabamazepina,0.90000,0.95000,1
carbamazepina,crbamazepina,0.94836,0.97282,1
carbamazepina,ecarbamazepina,0.96832,0.98218,1
carbamazepina,mirtazepina,0.76163,0.78511,0
carbamazepina,oxacarbazepina,0.83855,0.87854,1
carbamazepina,oxcarabamazepina,0.87256,0.91983,0
carbamazepina,oxcarbamamzepina,0.87256,0.90782,0
carbamazepina,oxcarbamazepina,0.91989,0.94408,0
carbamazepina,oxcarbamazeppina,0.88226,0.93702,0
carbamazepina,oxcarbamzapina,0.80860,0.87857,0
carbamazepina,oxcarbazepina,0.86000,0.88813,0
carbamazepina,oxicarbamazepina,0.88226,0.92709,1
carbamazepina,oxicarbazepina,0.83855,0.87979,0
clorpromazina,carbomazaprina,0.75869,0.80174,0
clorpromazina,claopramazina,0.83000,0.89043,1
clorpromazina,cloepromazina,0.91000,0.92793,1
clorpromazina,cloimipramina,0.76000,0.81238,0
clorpromazina,clomiporamina,0.76000,0.81362,0
clorpromazina,clomipramina,0.78864,0.82805,0
clorpromazina,clomiprammina,0.78000,0.82643,0
clorpromazina,clomorprazina,0.90000,0.91250,1
clorpromazina,clopormazina,0.86850,0.91415,1
clorpromazina,clopramazina,0.87848,0.91664,1
clorpromazina,clopramazinha,0.81000,0.88480,1
clorpromazina,cloprimazina,0.87848,0.91602,1
clorpromazina,clopromapina,0.87848,0.88171,0
clorpromazina,clopromasina,0.84853,0.93536,1
clorpromazina,clopromazepina,0.87848,0.89664,1
clorpromazina,clopromazin,0.91989,0.93849,1
clorpromazina,clopromazina,0.94836,0.95408,1
clorpromazina,clopromazinha,0.89000,0.92605,1
clorpromazina,clopromazna,0.88032,0.91185,1
clorpromazina,clopromozina,0.87848,0.91477,1
clorpromazina,cloprormazina,0.90000,0.91875,1
clorpromazina,cloripramina,0.79862,0.86486,0
clorpromazina,clormoprazina,0.88000,0.89875,1
clorpromazina,cloropormazina,0.88846,0.94288,1
clorpromazina,cloropromazina,0.95834,0.97782,1
clorpromazina,clororpomazina,0.91841,0.92785,1
clorpromazina,clorplomazina,0.95000,0.95938,1
clorpromazina,clorpoamazina,0.90000,0.92855,1
clorpromazina,clorpomazina,0.95834,0.95970,1
clorpromazina,clorpoomazina,0.95000,0.95813,1
clorpromazina,clorpormazina,0.92000,0.96000,1
clorpromazina,clorporomazina,0.95834,0.97782,1
clorpromazina,clorppromazina,0.96832,0.99406,1
clorpromazina,clorpramazina,0.93000,0.96250,1
clorpromazina,clorpramina,0.84076,0.88770,0
clorpromazina,clorprazina,0.91000,0.92606,0
clorpromazina,clorprmazina,0.95834,0.97782,1
clorpromazina,clorproamzina,0.90000,0.95000,1
clorpromazina,clorproazina,0.92839,0.93661,1
clorpromazina,clorproma,0.81627,0.85943,1
clorpromazina,clorpromacina,0.92000,0.92563,1
clorpromazina,clorpromaina,0.92839,0.93287,1
clorpromazina,clorpromaizna,0.90000,0.95000,1
clorpromazina,clorpromanzina,0.94836,0.95783,1
clorpromazina,clorpromaz,0.88226,0.86320,1
clorpromazina,clorpromazaina,0.95834,0.97719,1
clorpromazina,clorpromazepina,0.91989,0.93600,1
clorpromazina,clorpromazia,0.92839,0.94535,1
clorpromazina,clorpromazian,0.93000,0.96500,1
clorpromazina,clorpromazida,0.90000,0.91188,1
clorpromazina,clorpromazina,1.00000,1.00000,1
clorpromazina,clorpromazinar,0.97831,0.97966,1
clorpromazina,clorpromazine,0.94000,0.96250,1
clorpromazina,clorpromazinha,0.93838,0.97033,1
clorpromazina,clorpromazna,0.92839,0.95598,1
clorpromazina,clorprommazina,0.96832,0.99406,1
clorpromazina,clorpromoazina,0.95834,0.97782,1
clorpromazina,clorpromozina,0.93000,0.96063,1
clorpromazina,clorpromz,0.76936,0.80089,1
clorpromazina,clorpromzina,0.94836,0.97095,1
clorpromazina,clorpropamida,0.75000,0.80500,0
clorpromazina,clorpropmazina,0.95834,0.96219,1
clorpromazina,clorprormazina,0.95834,0.96531,1
clorpromazina,clorprramezina,0.83855,0.87098,1
clorpromazina,clorptomazina,0.92000,0.92000,1
clorpromazina,clorptromazina,0.93838,0.93973,1
clorpromazina,clortpromazina,0.93838,0.93973,1
clorpromazina,clotrpromazina,0.93838,0.93848,1
clorpromazina,clrorpromazina,0.94836,0.96032,1
clorpromazina,clrpromazina,0.94836,0.97282,1
clorpromazina,colrpromazina,0.90000,0.95000,1
clorpromazina,comaprazina,0.82098,0.83523,0
clorpromazina,comclopromazina,0.90011,0.91113,1
clorpromazina,copromazina,0.88032,0.89522,1
clorpromazina,corpromazina,0.92839,0.93162,1
clorpromazina,lemepromazina,0.78000,0.82674,0
clorpromazina,levomepromazina,0.76163,0.79713,0
clorpromazina,levopromazina,0.80000,0.82614,0
clorpromazina,levopromazine,0.76000,0.80052,0
clorpromazina,levopromnazina,0.76867,0.79861,0
clorpromazina,lvomepromazina,0.79862,0.81984,0
clorpromazina,pprometazina,0.75869,0.77712,0
clorpromazina,prometazina,0.76163,0.77767,0
clorpromazina,promometazina,0.76000,0.78056,0
clorpromazina,promtazina,0.78531,0.79690,0
diazepam,cddiazeam,0.83855,0.84598,1
diazepam,daizepan,0.79000,0.83938,1
diazepam,dediazepan,0.84076,0.86523,1
diazepam,dfiazepam,0.91841,0.91415,1
diazepam,diazapan,0.78000,0.82938,1
diazepam,diazedpam,0.95834,0.96219,1
diazepam,diazempan,0.86850,0.89294,1
diazepam,diazepan,0.87000,0.88438,1
diazepam,diazepna,0.85000,0.87438,1
diazepam,diazeppan,0.84853,0.88035,1
diazepam,diazepqn,0.80000,0.81616,1
diazepam,diazepán,0.80000,0.88000,1
diazepam,diazerpan,0.79862,0.81058,1
diazepam,diiazepan,0.84853,0.88035,1
diazepam,dizaepan,0.79000,0.84438,1
diazepam,ependima,0.75000,0.77813,0
diazepam,pandemia,0.75000,0.77813,0
dipirona,adicionar,0.76867,0.77798,0
dipirona,alnodipina,0.77152,0.78445,0
dipirona,alondipino,0.76163,0.78137,0
dipirona,amiadorona,0.75174,0.80338,0
dipirona,amiodarona,0.75174,0.80647,0
dipirona,amiodorona,0.75174,0.80400,0
dipirona,amiopdarona,0.75622,0.82679,0
dipirona,anlodipina,0.77152,0.78445,0
dipirona,anlodipiona,0.77561,0.78969,0
dipirona,anlodipirna,0.81439,0.85776,0
dipirona,anlodipirno,0.76592,0.83539,0
dipirona,anlodiprina,0.76592,0.83352,0
dipirona,apioando,0.75000,0.80301,0
dipirona,aprendio,0.75000,0.84250,0
dipirona,aprimodona,0.75174,0.82072,0
dipirona,aspirando,0.75869,0.81618,0
dipirona,benpirona,0.76867,0.80121,0
dipirona,biperidona,0.77152,0.82874,0
dipirona,biprpiona,0.78864,0.81682,0
dipirona,ddipiroana,0.91989,0.96749,1
dipirona,dicpirona,0.91841,0.91540,1
dipirona,didpirona,0.95834,0.96968,1
dipirona,dinpondo,0.75000,0.78180,0
dipirona,dipeiorna,0.82857,0.90606,1
dipirona,dipiorna,0.90000,0.95000,1
dipirona,dipirnona,0.94836,0.96469,1
dipirona,dipirobna,0.91841,0.92538,1
dipirona,dipironal,0.93838,0.93474,1
dipirona,dipiropna,0.95834,0.96219,1
dipirona,dipirotna,0.91841,0.92413,1
dipirona,dippirona,0.96832,0.99406,1
dipirona,diprinona,0.88846,0.93474,1
dipirona,dipriorna,0.86850,0.92164,1
dipirona,diprospan,0.81858,0.86361,0
dipirona,diprospna,0.85851,0.88358,0
dipirona,diripirona,0.93967,0.94838,1
dipirona,dirpioan,0.83000,0.87750,0
dipirona,dirpioane,0.78864,0.85047,0
dipirona,dirpiona,0.90000,0.91250,1
dipirona,dirpirona,0.94836,0.95408,1
dipirona,disperidona,0.75622,0.80517,0
dipirona,dispropan,0.78864,0.83257,0
dipirona,disronia,0.80000,0.80500,0
dipirona,dpirojna,0.86000,0.87111,1
dipirona,drospirenona,0.75060,0.80642,0
dipirona,espirona,0.78000,0.79500,0
dipirona,inapropirdo,0.78531,0.83518,0
dipirona,inspirado,0.78864,0.81806,0
dipirona,inspirando,0.76163,0.81604,0
dipirona,nimodipina,0.78141,0.79750,0
dipirona,ortadina,0.75000,0.77563,0
dipirona,pandeiro,0.78000,0.83750,0
dipirona,pardinson,0.76867,0.81390,0
dipirona,pdipironam,0.91000,0.92119,1
dipirona,piorando,0.78000,0.86750,0
dipirona,piridoxina,0.78141,0.82558,0
dipirona,piroando,0.84000,0.89750,0
dipirona,pirodoxina,0.81108,0.83792,0
dipirona,porcionada,0.75174,0.81137,0
dipirona,prdnisona,0.78864,0.82700,0
dipirona,predinsona,0.76163,0.80611,0
dipirona,predniona,0.78864,0.84800,0
dipirona,primidona,0.77865,0.83928,0
dipirona,prmidona,0.78000,0.83860,0
dipirona,procaina,0.75000,0.77375,0
dipirona,profundida,0.75174,0.78566,0
dipirona,prondial,0.82000,0.84924,0
dipirona,provinda,0.76000,0.80052,0
dipirona,repirando,0.75869,0.80058,0
dipirona,repiridona,0.80119,0.82305,0
dipirona,respiridona,0.75622,0.77502,0
dipirona,respirodona,0.77561,0.77919,0
dipirona,riepridona,0.75174,0.79954,0
dipirona,riperidona,0.78141,0.81438,0
dipirona,rispeirdona,0.75622,0.77315,0
dipirona,rispiredona,0.77561,0.78284,0
dipirona,rispiridona,0.79500,0.79940,0
dipirona,rispirodona,0.81439,0.80847,0
dipirona,rispirona,0.81858,0.78562,0
dipirona,rispridona,0.75174,0.78209,0
dipirona,ziprazidona,0.75622,0.78914,0
enalapril,acrenalina,0.75869,0.78799,0
enalapril,adrenalina,0.75869,0.78799,0
enalapril,analapril,0.90000,0.94063,1
enalapril,analopril,0.81000,0.88750,1
enalapril,apresental,0.75869,0.78061,0
enalapril,benazepril,0.82857,0.84676,0
enalapril,benazzepril,0.78141,0.83792,0
enalapril,ealapril,0.91841,0.92351,1
enalapril,elanapril,0.90000,0.92500,1
enalapril,elnalpril,0.91000,0.94041,1
enalapril,enalapirl,0.88000,0.94000,1
enalapril,enalappril,0.96832,0.99406,1
enalapril,enalapril,1.00000,1.00000,1
enalapril,enalaprilde,0.92978,0.93221,1
enalapril,enalapriol,0.91841,0.95286,1
enalapril,enalaprl,0.91841,0.95099,1
enalapril,enalaprlil,0.95834,0.96968,1
enalapril,enalaprol,0.86000,0.91438,1
enalapril,enalaprril,0.96832,0.89281,1
enalapril,enalarpril,0.94836,0.95533,1
enalapril,enalepril,0.95000,0.97188,1
enalapril,enallapril,0.96832,0.99406,1
enalapril,enalpril,0.95834,0.97719,1
enalapril,enapalpril,0.89845,0.92788,1
enalapril,enaqlapril,0.91841,0.91665,1
enalapril,enealapril,0.95834,0.97782,1
enalapril,enelapril,0.93000,0.96250,1
enalapril,enlapril,0.94836,0.97220,1
enalapril,enlaprol,0.80860,0.88485,1
enalapril,ennalapril,0.96832,0.99406,1
enalapril,eprirtoneal,0.76163,0.81070,0
enalapril,epritoneal,0.76867,0.81362,0
enalapril,inalapril,0.90000,0.94000,1
enalapril,nalapril,0.93838,0.96097,1
enalapril,pariental,0.80000,0.83063,0
enalapril,pencilina,0.75000,0.77188,0
enalapril,perianal,0.82857,0.88045,0
enalapril,perianeal,0.79000,0.85920,0
enalapril,pericanal,0.79000,0.83000,0
enalapril,perigenital,0.75174,0.76894,0
enalapril,perilesional,0.75622,0.81502,0
enalapril,perinasal,0.79000,0.82750,0
enalapril,perinatal,0.79000,0.82375,0
enalapril,perineal,0.81858,0.87546,0
enalapril,perineural,0.75869,0.83301,0
enalapril,perinial,0.81858,0.87421,0
enalapril,perirenal,0.87000,0.89875,0
enalapril,perirrenal,0.84853,0.85347,0
enalapril,peritenal,0.83000,0.85000,0
enalapril,periteneal,0.79862,0.83359,0
enalapril,peritneal,0.78000,0.82500,0
enalapril,peritonal,0.77000,0.81188,0
enalapril,postenalapril,0.80689,0.83347,0
enalapril,pradnail,0.75869,0.81112,0
enalapril,preliminar,0.75869,0.82554,0
enalapril,prenatal,0.77865,0.81486,0
enalapril,presencial,0.76867,0.79372,0
enalapril,presenla,0.76867,0.81862,0
enalapril,principal,0.75000,0.79677,0
enalapril,prinicpal,0.75000,0.79677,0
enalapril,prisional,0.75000,0.79875,0
enalapril,pterional,0.77000,0.80688,0
fluoxetina,afluoxetina,0.96832,0.98218,1
fluoxetina,cefaleixna,0.65000,0.73063,0
fluoxetina,cefaltorina,0.65886,0.72758,0
fluoxetina,cefoxetina,0.80000,0.82625,0
fluoxetina,cefxitina,0.67883,0.76058,0
fluoxetina,duloxertina,0.75869,0.78500,0
fluoxetina,duloxetina,0.82000,0.84688,0
fluoxetina,duolexetina,0.79862,0.83420,0
fluoxetina,duoloxetina,0.81858,0.84419,0
fluoxetina,duoxetina,0.82857,0.81620,0
fluoxetina,efluoxetina,0.96832,0.98218,1
fluoxetina,faltante,0.61326,0.74681,0
fluoxetina,faltendo,0.61326,0.73614,0
fluoxetina,faltulencia,0.62891,0.73757,0
fluoxetina,feluoxetina,0.94836,0.97220,1
fluoxetina,ffluoxetina,0.97831,0.99593,1
fluoxetina,fleuoxetina,0.94836,0.97220,1
fluoxetina,flexoext,0.64293,0.75351,0
fluoxetina,flhuoxetina,0.92839,0.96846,1
fluoxetina,flioxetina,0.90000,0.94125,1
fluoxetina,fliuoxetina,0.94836,0.97220,1
fluoxetina,fljuoxetina,0.92839,0.92538,1
fluoxetina,flkuoxetina,0.92839,0.92289,1
fluoxetina,flluoxetina,0.96832,0.99406,1
fluoxetina,flooxetina,0.91000,0.95128,1
fluoxetina,florentina,0.76000,0.80863,0
fluoxetina,flouoxetina,0.94836,0.97220,1
fluoxetina,flouxetina,0.90000,0.94500,1
fluoxetina,floxetina,0.91841,0.95286,1
fluoxetina,floxitina,0.82857,0.89920,1
fluoxetina,fluexetina,0.90000,0.94125,1
fluoxetina,fluexitina,0.83000,0.90563,1
fluoxetina,fluexotina,0.85000,0.91875,1
fluoxetina,fluioxetina,0.94836,0.97095,1
fluoxetina,fluixetina,0.90000,0.94063,1
fluoxetina,fluocetina,0.87000,0.89375,1
fluoxetina,fluoetina,0.91841,0.92538,1
fluoxetina,fluoexetina,0.94836,0.97220,1
fluoxetina,fluoexitina,0.87848,0.93726,1
fluoxetina,fluoextina,0.90000,0.95000,1
fluoxetina,fluoiaxetiana,0.86287,0.92529,1
fluoxetina,fluoixetina,0.94836,0.97095,1
fluoxetina,fluonetina,0.90000,0.91313,1
fluoxetina,fluopxetina,0.92839,0.92289,1
fluoxetina,fluorxetina,0.92839,0.92538,1
fluoxetina,fluosetina,0.87000,0.97563,1
fluoxetina,fluotenina,0.83000,0.87625,0
fluoxetina,fluoxcetina,0.92839,0.90470,1
fluoxetina,fluoxecitna,0.85851,0.90043,1
fluoxetina,fluoxeetina,0.96832,0.99406,1
fluoxetina,fluoxeitina,0.94836,0.97220,1
fluoxetina,fluoxeitna,0.90000,0.95000,1
fluoxetina,fluoxentina,0.94836,0.95408,1
fluoxetina,fluoxertina,0.92839,0.92538,1
fluoxetina,fluoxetian,0.92000,0.96000,1
fluoxetina,fluoxetiane,0.89845,0.94787,1
fluoxetina,fluoxetiina,0.96832,0.99406,1
fluoxetina,fluoxetin,0.94836,0.96783,1
fluoxetina,fluoxetina,1.00000,1.00000,1
fluoxetina,fluoxetinaaté,0.89195,0.95556,1
fluoxetina,fluoxetinam,0.94836,0.94285,1
fluoxetina,fluoxetinao,0.97831,0.98780,1
fluoxetina,fluoxetinap,0.94836,0.94285,1
fluoxetina,fluoxetinapara,0.84442,0.86485,1
fluoxetina,fluoxetinapela,0.85380,0.88685,1
fluoxetina,fluoxetinapor,0.88226,0.88494,1
fluoxetina,fluoxetinas,0.94836,0.95159,1
fluoxetina,fluoxetinasindrome,0.60216,0.70447,1
fluoxetina,fluoxetine,0.93000,0.95750,1
fluoxetina,fluoxetinha,0.92839,0.97158,1
fluoxetina,fluoxetinma,0.92839,0.93287,1
fluoxetina,fluoxetino,0.93000,0.95750,1
fluoxetina,fluoxetiona,0.95834,0.97657,1
fluoxetina,fluoxetna,0.91841,0.95099,1
fluoxetina,fluoxetona,0.91000,0.94625,1
fluoxetina,fluoxetrina,0.92839,0.92663,1
fluoxetina,fluoxettina,0.96832,0.99406,1
fluoxetina,fluoxettna,0.91000,0.94941,1
fluoxetina,fluoxewtina,0.92839,0.97095,1
fluoxetina,fluoxitena,0.85000,0.91875,1
fluoxetina,fluoxitina,0.90000,0.94125,1
fluoxetina,fluoxrtina,0.87000,0.88797,1
fluoxetina,fluoxsetina,0.92839,0.93536,1
fluoxetina,fluoxteina,0.90000,0.95000,1
fluoxetina,fluoxtina,0.91841,0.95099,1
fluoxetina,fluoxxetina,0.96832,0.99406,1
fluoxetina,fluozetina,0.87000,0.97563,1
fluoxetina,fluozxetinba,0.86054,0.92015,1
fluoxetina,flurxetina,0.87000,0.88797,1
fluoxetina,fluuoxetiina,0.93967,0.98869,1
fluoxetina,fluuoxetina,0.96832,0.99406,1
fluoxetina,fluxertina,0.85000,0.87797,1
fluoxetina,fluxetina,0.91841,0.95099,1
fluoxetina,fluxetinade,0.86850,0.90291,1
fluoxetina,fluxetinae,0.91000,0.94625,1
fluoxetina,fluxetna,0.84076,0.90486,1
fluoxetina,fluxocina,0.75869,0.79612,0
fluoxetina,fluxoetin,0.84853,0.91792,1
fluoxetina,fluxoetina,0.90000,0.95000,1
fluoxetina,fluxotina,0.84853,0.91605,1
fluoxetina,fluyoxetina,0.92839,0.96721,1
fluoxetina,fluzetina,0.81858,0.93227,1
fluoxetina,fuloxetina,0.90000,0.95000,1
fluoxetina,fuoxrtina,0.79862,0.81609,1
fluoxetina,infiltrante,0.61893,0.70616,0
fluoxetina,profluoxetina,0.87256,0.87700,0
fluoxetina,àfluoxetina,0.94836,0.98093,1
glicose,gliconil,0.75869,0.78997,0
glicose,glicosam,0.79862,0.82989,0
glicose,glicosietro,0.79751,0.83150,0
glicose,glicosilda,0.76592,0.82413,0
glicose,glicosmetro,0.76936,0.72018,0
glicose,glicotest,0.81108,0.77220,0
glicose,glicotet,0.77865,0.77439,0
glicose,nrglicose,0.87043,0.87420,1
glicose,silicone,0.76867,0.73157,0
ibuprofeno,aibuprofeno,0.94836,0.96846,1
ibuprofeno,biprofenid,0.80000,0.85858,1
ibuprofeno,broncofonia,0.60895,0.70759,0
ibuprofeno,cdibuprofeno,0.90011,0.89646,1
ibuprofeno,cibuprofeno,0.94836,0.94909,1
ibuprofeno,citoprofeno,0.75869,0.79871,0
ibuprofeno,flurbiprofeno,0.78531,0.83493,0
ibuprofeno,ibiuprofeno,0.95834,0.97782,1
ibuprofeno,iboprefeno,0.83000,0.90563,1
ibuprofeno,iboprofeno,0.90000,0.94125,1
ibuprofeno,ibprofeno,0.91841,0.95099,1
ibuprofeno,ibrofenol,0.81858,0.84107,0
ibuprofeno,ibrupofeno,0.90000,0.91375,1
ibuprofeno,ibruprofeno,0.94836,0.95658,1
ibuprofeno,ibubrofeno,0.91000,0.92875,1
ibuprofeno,ibufrofeno,0.90000,0.90688,1
ibuprofeno,ibuoprof,0.82098,0.86782,1
ibuprofeno,ibuoprofeno,0.94836,0.97220,1
ibuprofeno,ibuparofeno,0.92839,0.95723,1
ibuprofeno,ibuporfeno,0.90000,0.95000,1
ibuprofeno,ibuprefeno,0.92000,0.95563,1
ibuprofeno,ibupreofeno,0.94836,0.97158,1
ibuprofeno,ibuprfeno,0.94836,0.97095,1
ibuprofeno,ibuprifeno,0.93000,0.96063,1
ibuprofeno,ibupriofeno,0.95834,0.97657,1
ibuprofeno,ibuproefeno,0.94836,0.97220,1
ibuprofeno,ibuprofano,0.87000,0.92125,1
ibuprofeno,ibuprofen,0.97831,0.98780,1
ibuprofeno,ibuprofenao,0.92839,0.95723,1
ibuprofeno,ibuprofenio,0.95834,0.97657,1
ibuprofeno,ibuprofeno,1.00000,1.00000,1
ibuprofeno,ibuprofenol,0.94836,0.94285,1
ibuprofeno,ibuprofenom,0.94836,0.95159,1
ibuprofeno,ibuprofenop,0.97831,0.97966,1
ibuprofeno,ibuprofenos,0.94836,0.95159,1
ibuprofeno,ibuprofenpo,0.95834,0.96968,1
ibuprofeno,ibuprofneo,0.88000,0.94000,1
ibuprofeno,ibuprofreno,0.95834,0.96344,1
ibuprofeno,ibuprofrno,0.91000,0.93105,1
ibuprofeno,ibuprogfeno,0.92839,0.93808,1
ibuprofeno,ibupropiona,0.76867,0.81050,0
ibuprofeno,ibuproprofeno,0.94043,0.95050,1
ibuprofeno,ibuptofeno,0.87000,0.85750,1
ibuprofeno,iburprofeno,0.94836,0.95658,1
ibuprofeno,iobprofeno,0.87000,0.92625,1
ibuprofeno,iubprofeno,0.90000,0.95000,1
ibuprofeno,lbuprofeno,0.88000,0.90108,1
ibuprofeno,profenid,0.77152,0.81581,0
ibuprofeno,profenil,0.77152,0.81706,0
ibuprofeno,ubuprofeno,0.91000,0.94688,1
imipramina,amfepramona,0.65886,0.74751,0
imipramina,amineptina,0.75000,0.77688,0
imipramina,amipramida,0.82000,0.85125,0
imipramina,amipramina,0.95000,0.97250,1
imipramina,amipriptilina,0.76592,0.80883,0
imipramina,amipritilina,0.78141,0.81684,0
imipramina,amiriptlina,0.75869,0.78188,0
imipramina,amitriplina,0.75869,0.79186,0
imipramina,amitriprilina,0.75622,0.79532,0
imipramina,amitriptina,0.75869,0.78812,0
imipramina,amputaram,0.60895,0.71129,0
imipramina,amtriplina,0.76000,0.79241,0
imipramina,bomperidorna,0.61326,0.72002,0
imipramina,cloimipramina,0.85317,0.86356,0
imipramina,clomiporamina,0.77561,0.81792,0
imipramina,clomipramina,0.84076,0.85558,0
imipramina,clomiprammina,0.80470,0.84881,0
imipramina,cloripramina,0.80119,0.82219,0
imipramina,clorpramina,0.78864,0.81332,0
imipramina,compartim,0.60895,0.69960,0
imipramina,competiram,0.62000,0.70182,0
imipramina,complicaram,0.62891,0.69760,0
imipramina,compraram,0.62891,0.72096,0
imipramina,comprimemindo,0.61079,0.70927,0
imipramina,comprimenta,0.66884,0.75766,0
imipramina,comprimentar,0.66272,0.75006,0
imipramina,comprimentoao,0.60110,0.71942,0
imipramina,comprimiam,0.74000,0.80487,0
imipramina,comprimidinho,0.61079,0.71982,0
imipramina,comprimidno,0.63889,0.72282,0
imipramina,comprimindo,0.64888,0.73894,0
imipramina,comprimindos,0.62315,0.70518,0
imipramina,cumprimenta,0.66884,0.75766,0
imipramina,cumprimentada,0.63018,0.72063,0
imipramina,cumprimentado,0.60110,0.70046,0
imipramina,cumprimentam,0.68250,0.75753,0
imipramina,cumprimentar,0.66272,0.75006,0
imipramina,cumprimentarem,0.60048,0.70729,0
imipramina,cumprimentavam,0.62863,0.70412,0
imipramina,cumpriram,0.69879,0.77383,0
imipramina,desipramina,0.81858,0.83365,0
imipramina,eimipramina,0.94836,0.96846,1
imipramina,empiricamente,0.60110,0.71764,0
imipramina,empurram,0.60337,0.60829,0
imipramina,empurraram,0.62000,0.69153,0
imipramina,excitalompram,0.60110,0.69310,0
imipramina,fiminuiram,0.76000,0.77500,0
imipramina,framinal,0.76163,0.76078,0
imipramina,himipramina,0.94836,0.99032,1
imipramina,iipramina,0.94836,0.96059,1
imipramina,imaprimina,0.87000,0.93250,1
imipramina,imeipramina,0.92839,0.95723,1
imipramina,imepramina,0.91000,0.94625,1
imipramina,imiipramina,0.96832,0.99406,1
imipramina,imimpramina,0.95834,0.96843,1
imipramina,imiopramina,0.92839,0.95723,1
imipramina,imipiramina,0.95834,0.97782,1
imipramina,imiporamina,0.92839,0.95723,1
imipramina,imippramina,0.96832,0.99406,1
imipramina,imipprmina,0.92000,0.96688,1
imipramina,imipramian,0.93000,0.96500,1
imipramina,imipramida,0.87000,0.87875,1
imipramina,imipramina,1.00000,1.00000,1
imipramina,imipraminaa,0.97831,0.99593,1
imipramina,imipraminas,0.94836,0.94285,1
imipramina,imipraminba,0.92839,0.94160,1
imipramina,imipramine,0.93000,0.95750,1
imipramina,imipramiona,0.92839,0.95723,1
imipramina,imipramna,0.95834,0.97719,1
imipramina,imipramnina,0.94836,0.96469,1
imipramina,imipranina,0.93000,0.95063,1
imipramina,imipraqmina,0.92839,0.92413,1
imipramina,imipriamina,0.95834,0.97782,1
imipramina,imiprimamina,0.94956,0.96082,1
imipramina,imiprimana,0.91000,0.95250,1
imipramina,imiprimina,0.93000,0.96313,1
imipramina,imipripramina,0.94043,0.95236,1
imipramina,imiprmaina,0.91000,0.95500,1
imipramina,imiprmina,0.94836,0.97220,1
imipramina,imirpamina,0.90000,0.91375,1
imipramina,imirpimina,0.85000,0.88688,1
imipramina,imirpramina,0.94836,0.95408,1
imipramina,imitripilina,0.76163,0.79323,0
imipramina,impediram,0.72874,0.78928,0
imipramina,impediriam,0.71000,0.78188,0
imipramina,impiramina,0.91000,0.95500,1
imipramina,implantaram,0.74870,0.80022,0
imipramina,implicaram,0.73000,0.77679,0
imipramina,implicarem,0.63000,0.71992,0
imipramina,implicariam,0.69879,0.76316,0
imipramina,importam,0.71217,0.77432,0
imipramina,importaram,0.73000,0.79301,0
imipramina,importavam,0.69000,0.73557,0
imipramina,importunam,0.72000,0.79425,0
imipramina,impramina,0.95834,0.97782,1
imipramina,impregna,0.75174,0.82139,0
imipramina,impressionavam,0.65677,0.74354,0
imipramina,imprimem,0.68250,0.79083,0
imipramina,imprimindo,0.73000,0.81173,0
imipramina,imprimir,0.76163,0.84028,0
imipramina,impuseram,0.69879,0.76557,0
imipramina,incriminar,0.77000,0.81862,0
imipramina,indapamina,0.80000,0.81375,0
imipramina,interromperam,0.66896,0.74221,0
imipramina,iprimine,0.76163,0.84626,0
imipramina,lemepromazina,0.63988,0.74011,0
imipramina,levomepramazina,0.62670,0.70814,0
imipramina,levomepramzina,0.65677,0.72173,0
imipramina,limparam,0.76163,0.81891,0
imipramina,limparem,0.65282,0.75462,0
imipramina,lvomepromazina,0.60048,0.69358,0
imipramina,maxapram,0.66272,0.74528,0
imipramina,maxipram,0.78141,0.82317,0
imipramina,maxipran,0.78141,0.83380,0
imipramina,mepramim,0.80119,0.85945,0
imipramina,mepraramim,0.79000,0.84297,0
imipramina,mepraramin,0.84000,0.89293,0
imipramina,metfoprmina,0.71876,0.77151,0
imipramina,metfprmina,0.75000,0.79229,0
imipramina,metoclopramin,0.67866,0.73322,0
imipramina,metoclopramina,0.68492,0.74065,0
imipramina,metoclopraminda,0.61775,0.68277,0
imipramina,metoclpramina,0.72714,0.76496,0
imipramina,mipramina,0.96832,0.98281,1
imipramina,nimodipina,0.75000,0.77125,0
imipramina,paradiminuir,0.75174,0.80637,0
imipramina,permitrina,0.75000,0.81674,0
imipramina,pintaram,0.77152,0.82448,0
imipramina,pioraramn,0.76867,0.85050,0
imipramina,pirazinamida,0.75174,0.78828,0
imipramina,pirimetamina,0.77152,0.82812,0
imipramina,ppramina,0.91989,0.94516,0
imipramina,pracaina,0.76163,0.78075,0
imipramina,pramipezan,0.78000,0.82300,0
imipramina,predmina,0.77152,0.81834,0
imipramina,predominaram,0.75174,0.80418,0
imipramina,preliminar,0.79000,0.82862,0
imipramina,preminar,0.81108,0.87625,0
imipramina,pressamina,0.78000,0.83697,0
imipramina,primenira,0.75869,0.85300,0
imipramina,primeriana,0.77000,0.85250,0
imipramina,primidona,0.77865,0.82174,0
imipramina,primogina,0.76867,0.80862,0
imipramina,ramipril,0.78141,0.77094,0
imipramina,ramiprix,0.78141,0.77094,0
imipramina,recriminaram,0.76163,0.77582,0
imipramina,rifamicina,0.75000,0.68000,0
imipramina,romperam,0.60337,0.68787,0
imipramina,sibitramina,0.75869,0.77938,0
imipramina,terminaram,0.76000,0.80739,0
imipramina,trilaminar,0.75000,0.77493,0
imipramina,umprimentam,0.71876,0.80116,0
imipramina,virtamina,0.75869,0.76049,0
insulina,alcalinas,0.76867,0.80495,0
insulina,antiinsulina,0.84442,0.88402,0
insulina,braulina,0.77000,0.73938,0
insulina,cinsultar,0.79862,0.82712,0
insulina,clavulina,0.76867,0.76690,0
insulina,espirulina,0.77152,0.78320,0
insulina,globulinas,0.76163,0.78235,0
insulina,impulsina,0.78864,0.78562,0
insulina,inglinal,0.78000,0.79888,0
insulina,instinal,0.81000,0.82864,0
insulina,insuilna,0.91000,0.95500,1
insulina,insulating,0.83087,0.83249,0
insulina,insulida,0.90000,0.88875,1
insulina,insulinda,0.91841,0.91478,1
insulina,insulinizar,0.84348,0.86864,0
insulina,insulinod,0.81858,0.84924,0
insulina,insullina,0.96832,0.99406,1
insulina,insultada,0.83855,0.81931,0
insulina,insultam,0.84000,0.83179,0
insulina,insultando,0.78141,0.79373,0
insulina,insultante,0.78141,0.79373,0
insulina,insultavam,0.79130,0.78824,0
insulina,insultina,0.91841,0.90167,1
insulina,intuinal,0.79000,0.78250,0
insulina,isnulian,0.83000,0.89000,0
insulina,linslina,0.88000,0.91792,0
insulina,masculina,0.81858,0.81494,0
insulina,masculinas,0.80119,0.81111,0
insulina,neusaldina,0.75174,0.74228,0
insulina,nimasulida,0.76163,0.71552,0
insulina,nimensulida,0.75622,0.78724,0
insulina,nimisulida,0.77152,0.72171,0
insulina,nimsulida,0.77865,0.79685,0
insulina,quillinan,0.77865,0.75926,0
insulina,seligilina,0.75174,0.80949,0
insulina,slingual,0.80000,0.85318,0
insulina,solicina,0.75000,0.84563,0
insulina,sprulina,0.82000,0.81180,0
insulina,subfalcina,0.75174,0.78142,0
insulina,sublinguais,0.76592,0.78568,0
insulina,sublingual,0.78141,0.79849,0
insulina,sublinhar,0.75869,0.79248,0
insulina,sulfadizina,0.76592,0.77233,0
insulina,sulindac,0.82000,0.80806,0
insulina,sulingual,0.85851,0.88192,0
insulina,sunlingual,0.80119,0.83882,0
insulina,tamsulosina,0.76592,0.76264,0
insulina,tansulisina,0.84348,0.83849,0
insulina,tansulosina,0.80470,0.81411,0
metformina,amfepramona,0.65886,0.74435,0
metformina,anfetamina,0.75000,0.78304,0
metformina,comfirmando,0.61893,0.72384,0
metformina,comtratamento,0.61079,0.69223,0
metformina,deforminade,0.78864,0.83046,0
metformina,determina,0.77865,0.79871,0
metformina,determinacao,0.75174,0.76713,0
metformina,determinado,0.75869,0.77800,0
metformina,determinam,0.77000,0.78938,0
metformina,determinando,0.75174,0.77455,0
metformina,determinar,0.78000,0.79875,0
metformina,determinaçao,0.75174,0.76713,0
metformina,einformram,0.80000,0.82438,0
metformina,emtratamento,0.65282,0.73446,0
metformina,enformamento,0.76163,0.82255,0
metformina,etermina,0.83087,0.84442,0
metformina,etfrmina,0.89022,0.92178,0
metformina,exterminar,0.75000,0.78875,0
metformina,finiforme,0.78864,0.80993,0
metformina,formentin,0.82857,0.86732,0
metformina,formigamennto,0.77561,0.83836,0
metformina,formigamentos,0.75622,0.80748,0
metformina,formigamneto,0.80119,0.84315,0
metformina,formigmento,0.78864,0.82948,0
metformina,fornacimento,0.76163,0.81569,0
metformina,frmigamento,0.75869,0.82200,0
metformina,iinformante,0.78864,0.85349,0
metformina,indeterminao,0.78141,0.80385,0
metformina,infaorma,0.76163,0.80174,0
metformina,infformo,0.75174,0.78822,0
metformina,informalmente,0.75622,0.79961,0
metformina,informam,0.78141,0.80811,0
metformina,informamte,0.81000,0.85750,0
metformina,informant,0.79862,0.85047,0
metformina,informante,0.80000,0.85563,0
metformina,informantes,0.76867,0.82679,0
metformina,informao,0.78141,0.80914,0
metformina,informar,0.78141,0.81248,0
metformina,informara,0.77865,0.80993,0
metformina,informaram,0.76000,0.79750,0
metformina,informarei,0.79000,0.82051,0
metformina,informarem,0.78000,0.81313,0
metformina,informaria,0.77000,0.80552,0
metformina,informarm,0.78864,0.81298,0
metformina,informart,0.79862,0.83985,0
metformina,informates,0.78000,0.82375,0
metformina,informatica,0.75869,0.79738,0
metformina,informei,0.79130,0.81408,0
metformina,informem,0.78141,0.80686,0
metformina,informor,0.76163,0.79572,0
metformina,informra,0.79130,0.81742,0
metformina,infotrmar,0.76867,0.81112,0
metformina,inoforma,0.78141,0.81039,0
metformina,intrometa,0.76867,0.79684,0
metformina,intrometia,0.76000,0.79366,0
metformina,maniforme,0.75869,0.80807,0
metformina,mastriciamento,0.60048,0.69342,0
metformina,matformina,0.90000,0.94000,1
metformina,matrciamento,0.66272,0.75063,0
metformina,matrciciamento,0.60048,0.70331,0
metformina,matriaciamento,0.60986,0.72195,0
metformina,matriacimento,0.63988,0.73807,0
metformina,matriamento,0.69879,0.78305,0
metformina,matricaimento,0.63988,0.72185,0
metformina,matricamento,0.66272,0.73441,0
metformina,matriciameento,0.61924,0.73723,0
metformina,matriciamennto,0.61924,0.73723,0
metformina,matriciameno,0.66272,0.75824,0
metformina,matriciamenot,0.63988,0.73807,0
metformina,matriciament,0.64293,0.73263,0
metformina,matriciamente,0.62049,0.72034,0
metformina,matriciamento,0.64957,0.74292,0
metformina,matriciamentoc,0.60048,0.69836,0
metformina,matriciamentoo,0.61924,0.73723,0
metformina,matriciamentos,0.60048,0.70578,0
metformina,matriciamentro,0.60986,0.71727,0
metformina,matriciamernto,0.61924,0.71331,0
metformina,matriciametno,0.66896,0.74138,0
metformina,matriciamewnto,0.60048,0.71241,0
metformina,matriciamneto,0.65927,0.74777,0
metformina,matriciamnto,0.63304,0.72706,0
metformina,matriciemento,0.63988,0.73622,0
metformina,matriciemtno,0.64293,0.72764,0
metformina,matricimaento,0.62049,0.72838,0
metformina,matricimaneto,0.64957,0.74292,0
metformina,matricimanto,0.62315,0.72212,0
metformina,matricimento,0.66272,0.74876,0
metformina,matriciomento,0.63988,0.73560,0
metformina,matricizmento,0.63018,0.71743,0
metformina,matricmento,0.67883,0.74131,0
metformina,matriiamento,0.69239,0.78185,0
metformina,matrimoniais,0.62315,0.73791,0
metformina,matrimonial,0.63889,0.73311,0
metformina,matrimonios,0.62891,0.74000,0
metformina,matrimônio,0.64000,0.77049,0
metformina,matrriciamento,0.61924,0.69454,0
metformina,matrticiamento,0.60986,0.71542,0
metformina,meformin,0.86054,0.87325,1
metformina,meformina,0.91841,0.91041,1
metformina,meftformina,0.94836,0.95159,1
metformina,meftormina,0.90000,0.90625,1
metformina,menformina,0.90000,0.89750,1
metformina,mentformina,0.94836,0.95720,1
metformina,mertformina,0.94836,0.95283,1
metformina,metaformin,0.92000,0.95500,1
metformina,metaformina,0.94836,0.97095,1
metformina,metanefrina,0.79862,0.84735,0
metformina,metanefrinas,0.76163,0.81257,0
metformina,meteformina,0.95834,0.97782,1
metformina,metfdormina,0.92839,0.93474,1
metformina,metflormina,0.92839,0.92850,1
metformina,metfofmina,0.91000,0.90875,1
metformina,metfomirna,0.90000,0.91438,1
metformina,metfomrina,0.91000,0.91938,1
metformina,metfonrmina,0.94836,0.95533,1
metformina,metfoprmina,0.92839,0.93474,1
metformina,metforamida,0.81858,0.86669,1
metformina,metforimina,0.94836,0.97220,1
metformina,metforimna,0.91000,0.95500,1
metformina,metforina,0.95834,0.96344,1
metformina,metformeina,0.95834,0.97657,1
metformina,metformian,0.92000,0.96000,1
metformina,metformida,0.87000,0.89563,1
metformina,metformiina,0.96832,0.99406,1
metformina,metformim,0.87848,0.90852,1
metformina,metformimn,0.91000,0.93417,1
metformina,metformin,0.94836,0.96596,1
metformina,metformina,1.00000,1.00000,1
metformina,metforminar,0.97831,0.97966,1
metformina,metforminas,0.94836,0.95346,1
metformina,metforminma,0.95834,0.96968,1
metformina,metformiona,0.95834,0.97657,1
metformina,metformis,0.83855,0.87543,1
metformina,metformn,0.86054,0.91414,1
metformina,metformna,0.91841,0.94974,1
metformina,metformnina,0.94836,0.96469,1
metformina,metformuna,0.87000,0.91813,1
metformina,metforrmin,0.92000,0.86696,1
metformina,metfortmina,0.95834,0.96095,1
metformina,metfotmina,0.91000,0.90875,1
metformina,metfprmina,0.87000,0.89608,1
metformina,metfrmin,0.86054,0.91290,1
metformina,metfrmina,0.91841,0.94974,1
metformina,metfromin,0.84853,0.91605,1
metformina,metfromina,0.90000,0.95000,1
metformina,metfrormina,0.94836,0.96032,1
metformina,metiformida,0.82857,0.87168,1
metformina,metiformina,0.94836,0.97095,1
metformina,metiformiona,0.90011,0.94381,1
metformina,metifromina,0.84853,0.92104,1
metformina,metioformim,0.79862,0.86485,1
metformina,metioformina,0.91000,0.94999,1
metformina,metofformina,0.91989,0.96686,1
metformina,metofmrina,0.83000,0.87938,1
metformina,metoformina,0.94836,0.97220,1
metformina,metofrmina,0.90000,0.95000,1
metformina,metormina,0.91841,0.91041,1
metformina,metrformina,0.94836,0.95159,1
metformina,metricamento,0.71217,0.75976,0
metformina,metriciamento,0.68836,0.76293,0
metformina,metromenorragia,0.63566,0.71951,0
metformina,metromina,0.84853,0.87547,1
metformina,metrormina,0.90000,0.89750,1
metformina,minformar,0.79862,0.82235,0
metformina,mtformina,0.91841,0.95099,1
metformina,mtratamento,0.66884,0.74318,0
metformina,mtriciamento,0.67261,0.75620,0
metformina,mwetromin,0.73872,0.80494,0
metformina,netformina,0.95000,0.95938,1
metformina,nmetfromin,0.83000,0.89292,1
metformina,nãotermina,0.75000,0.82176,0
metformina,perimetomina,0.79130,0.80812,0
metformina,permetrina,0.76000,0.78250,0
metformina,pormetazina,0.76867,0.78611,0
metformina,reinformada,0.75869,0.77301,0
metformina,retornam,0.76163,0.74720,0
metformina,retornarm,0.76867,0.75989,0
metformina,retornarma,0.76000,0.76125,0
metformina,rometzina,0.76867,0.74132,0
metformina,simetricamente,0.60048,0.68476,0
metformina,terminado,0.75869,0.79185,0
metformina,terminafina,0.79862,0.84109,0
metformina,terminam,0.78141,0.81060,0
metformina,terminamos,0.76000,0.80063,0
metformina,terminanado,0.75869,0.79237,0
metformina,terminando,0.76000,0.79375,0
metformina,terminante,0.76000,0.79688,0
metformina,terminar,0.79130,0.82428,0
metformina,terminara,0.78864,0.82242,0
metformina,terminaram,0.77000,0.81375,0
metformina,terminarem,0.76000,0.80750,0
metformina,terminaria,0.78000,0.81801,0
metformina,terminarmos,0.75869,0.80309,0
metformina,terminio,0.75174,0.80173,0
metformina,termionar,0.76867,0.81619,0
metformina,termminar,0.76867,0.82004,0
metformina,tormenta,0.76163,0.79946,0
metformina,trimetoprina,0.77152,0.79193,0
metformina,trimetropina,0.76163,0.78823,0
metformina,trinamento,0.77000,0.80438,0
metformina,trometamina,0.79862,0.81859,0
nimesulida,anormalidasdes,0.66616,0.67945,0
nimesulida,anormalidsdes,0.65927,0.67886,0
nimesulida,anormaslidade,0.67866,0.72711,0
nimesulida,anormlidade,0.67883,0.73818,0
nimesulida,conseguelidar,0.63988,0.64004,0
nimesulida,consilidações,0.63018,0.62210,0
nimesulida,conslidações,0.65282,0.62545,0
nimesulida,consolidacoes,0.61079,0.60804,0
nimesulida,consolidada,0.64888,0.66703,0
nimesulida,consolidadas,0.63304,0.63776,0
nimesulida,consolidade,0.66884,0.68139,0
nimesulida,consolidado,0.60895,0.63832,0
nimesulida,consolidar,0.60000,0.61316,0
nimesulida,consolidaçoes,0.61079,0.60804,0
nimesulida,consolidações,0.61079,0.60804,0
nimesulida,consultada,0.60000,0.61565,0
nimesulida,consultadia,0.62891,0.64896,0
nimesulida,enemesulida,0.89845,0.94600,0
nimesulida,estimulada,0.76000,0.74063,0
nimesulida,insalubridade,0.64957,0.69042,0
nimesulida,instabiliada,0.62315,0.66491,0
nimesulida,instabiliadade,0.60048,0.66392,0
nimesulida,instabiliadde,0.60110,0.66515,0
nimesulida,instabiliade,0.61326,0.66743,0
nimesulida,instabilidade,0.64957,0.68603,0
nimesulida,instabilidades,0.63801,0.65522,0
nimesulida,instabilidadew,0.60048,0.68476,0
nimesulida,instabilidde,0.64293,0.68591,0
nimesulida,instablidade,0.66272,0.69357,0
nimesulida,instailidade,0.68250,0.71075,0
nimesulida,instalada,0.63889,0.67878,0
nimesulida,instaladas,0.63000,0.65312,0
nimesulida,instebilidade,0.63988,0.68912,0
nimesulida,instrabilidade,0.60048,0.64818,0
nimesulida,insulida,0.82098,0.78328,0
nimesulida,insulinda,0.78864,0.76240,0
nimesulida,insulinod,0.68881,0.70188,0
nimesulida,insulinodep,0.66884,0.69388,0
nimesulida,insultada,0.71876,0.71809,0
nimesulida,insultando,0.66000,0.68059,0
nimesulida,mensalidade,0.78864,0.80307,0
nimesulida,menstrualdo,0.61893,0.67252,0
nimesulida,neimesulida,0.94836,0.97220,1
nimesulida,nemesulida,0.92000,0.95750,1
nimesulida,nemisulida,0.85000,0.92000,1
nimesulida,nemsulida,0.87848,0.86481,1
nimesulida,niemsulid,0.84853,0.84859,1
nimesulida,niimesulida,0.96832,0.99406,1
nimesulida,nimasulida,0.90000,0.94125,1
nimesulida,nimensulida,0.95834,0.90292,1
nimesulida,nimensulide,0.88846,0.86048,1
nimesulida,nimensuluda,0.89845,0.86985,1
nimesulida,nimersulide,0.85851,0.81805,1
nimesulida,nimesilida,0.91000,0.94625,1
nimesulida,nimesiluda,0.87000,0.92938,1
nimesulida,nimesiulida,0.95834,0.97657,1
nimesulida,nimeslida,0.91841,0.87854,1
nimesulida,nimeslulida,0.94836,0.89668,1
nimesulida,nimesolida,0.87000,0.92125,1
nimesulida,nimessulida,0.96832,0.91219,1
nimesulida,nimessulide,0.89845,0.86971,1
nimesulida,nimesuilde,0.84000,0.91250,1
nimesulida,nimesuilida,0.95834,0.97719,1
nimesulida,nimesuklida,0.92839,0.92289,1
nimesulida,nimesulada,0.93000,0.96188,1
nimesulida,nimesulda,0.95834,0.97657,1
nimesulida,nimesuldia,0.91000,0.95500,1
nimesulida,nimesuldid,0.90000,0.93416,1
nimesulida,nimesuldida,0.94836,0.96469,1
nimesulida,nimesulid,0.94836,0.96783,1
nimesulida,nimesulida,1.00000,1.00000,1
nimesulida,nimesulidad,0.97831,0.97966,1
nimesulida,nimesulidada,0.96935,0.97383,1
nimesulida,nimesulidade,0.94956,0.96394,1
nimesulida,nimesulidae,0.97831,0.98780,1
nimesulida,nimesulidapara,0.84442,0.87350,1
nimesulida,nimesulidasn,0.94956,0.93973,1
nimesulida,nimesulide,0.93000,0.95750,1
nimesulida,nimesulido,0.90000,0.93750,1
nimesulida,nimesuliida,0.96832,0.99406,1
nimesulida,nimesuljda,0.91000,0.91233,1
nimesulida,nimesullida,0.96832,0.99406,1
nimesulida,nimesuloida,0.92839,0.95723,1
nimesulida,nimesuluda,0.95000,0.97188,1
nimesulida,nimesuslida,0.95834,0.94098,1
nimesulida,nimeuslida,0.90000,0.89313,1
nimesulida,nimeusulida,0.94836,0.97220,1
nimesulida,nimisulida,0.91000,0.94625,1
nimesulida,nimkesulida,0.92839,0.92289,1
nimesulida,nimnesulida,0.95834,0.96469,1
nimesulida,nimseulide,0.83000,0.85063,1
nimesulida,nimsulida,0.91841,0.87854,1
nimesulida,nimsulide,0.87848,0.85670,1
nimesulida,niomesulida,0.92839,0.95723,1
nimesulida,nismesulida,0.94836,0.93911,1
nimesulida,niumesulida,0.94836,0.97095,1
nimesulida,nmesulida,0.94836,0.97220,1
nimesulida,normlalidade,0.67261,0.73554,0
nimesulida,normlidade,0.69000,0.74244,0
nimesulida,nstabilidade,0.68250,0.70221,0
nimesulida,numesulida,0.92000,0.95688,1
nimesulida,pernsonalidade,0.60048,0.65400,0
nimesulida,saensibilidade,0.62863,0.67738,0
nimesulida,sensabilidade,0.65927,0.69149,0
nimesulida,sensaibiliade,0.61079,0.66674,0
nimesulida,sensbilidade,0.68250,0.70345,0
nimesulida,sensiabilidade,0.61924,0.67747,0
nimesulida,sensibiilidade,0.62863,0.68878,0
nimesulida,sensibildade,0.63304,0.68181,0
nimesulida,sensibiliadade,0.60986,0.66861,0
nimesulida,sensibiliade,0.63304,0.67919,0
nimesulida,sensibilid,0.65000,0.67622,0
nimesulida,sensibilidadde,0.62863,0.68878,0
nimesulida,sensibilidade,0.65927,0.69452,0
nimesulida,sensibilidadec,0.60986,0.65103,0
nimesulida,sensibilidades,0.65677,0.66225,0
nimesulida,sensibilidae,0.68250,0.70392,0
nimesulida,sensibilizada,0.62049,0.69715,0
nimesulida,sensibilçidade,0.60048,0.64634,0
nimesulida,sensiblidade,0.68250,0.70345,0
nimesulida,sensiilidade,0.70228,0.72324,0
nimesulida,sensilidade,0.71876,0.72633,0
nimesulida,senssibilidade,0.62863,0.68878,0
nimesulida,sensíbilizada,0.60110,0.69594,0
nimesulida,sintomasde,0.61000,0.63251,0
nimesulida,snsibilidade,0.69239,0.70593,0
nimesulida,tonsiledema,0.63889,0.70511,0
nimesulida,translucida,0.62891,0.64675,0
nimesulida,translucidas,0.62315,0.62225,0
nimesulida,transmuralidade,0.62670,0.67134,0
nimesulida,trsanslucida,0.63304,0.62774,0
omeprazol,aklprazolam,0.79130,0.82710,0
omeprazol,alazopram,0.79000,0.82625,0
omeprazol,allprazolam,0.82098,0.87091,0
omeprazol,alprazola,0.82000,0.85063,0
omeprazol,alprazolam,0.83855,0.87420,0
omeprazol,alprazolame,0.88032,0.89999,0
omeprazol,alprazolan,0.76867,0.81555,0
omeprazol,alpreazolan,0.76163,0.81818,0
omeprazol,alprozola,0.75000,0.81438,0
omeprazol,alprozolam,0.75869,0.83302,0
omeprazol,aplprazolan,0.75174,0.80361,0
omeprazol,aprazolan,0.78000,0.83000,0
omeprazol,domeprazol,0.94836,0.94160,0
omeprazol,emeprazol,0.95000,0.97250,1
omeprazol,esomeprazol,0.91989,0.95338,0
omeprazol,exomeprazol,0.91989,0.95338,0
omeprazol,homeprazol,0.94836,0.99032,1
omeprazol,lanzoprazol,0.76163,0.80856,0
omeprazol,levomeprazina,0.75060,0.80310,0
omeprazol,meprazol,0.96832,0.98218,1
omeprazol,metmazol,0.76867,0.78548,0
omeprazol,metprolol,0.76000,0.78867,0
omeprazol,mmromazepam,0.75174,0.78930,0
omeprazol,oemprazol,0.90000,0.95000,1
omeprazol,oimeprazol,0.91841,0.95099,1
omeprazol,omaprazol,0.89000,0.93500,1
omeprazol,omemprazol,0.95834,0.96968,1
omeprazol,omeoprazol,0.95834,0.97657,1
omeprazol,omeparazol,0.94836,0.97220,1
omeprazol,omeparzol,0.90000,0.95000,1
omeprazol,omeporazol,0.95834,0.97657,1
omeprazol,omepramix,0.75000,0.84250,0
omeprazol,omepraozl,0.91000,0.95500,1
omeprazol,omeprarzol,0.95834,0.96656,1
omeprazol,omeprasol,0.86000,0.97375,1
omeprazol,omeprazal,0.95000,0.97313,1
omeprazol,omeprazil,0.90000,0.94125,1
omeprazol,omepraziol,0.91841,0.95099,1
omeprazol,omeprazl,0.95834,0.97782,1
omeprazol,omeprazoil,0.91841,0.95286,1
omeprazol,omeprazol,1.00000,1.00000,1
omeprazol,omeprazoll,0.97831,0.99593,1
omeprazol,omeprazolo,0.97831,0.98780,1
omeprazol,omeprazool,0.96832,0.99406,1
omeprazol,omeprazsol,0.91841,0.93162,1
omeprazol,omeprazxol,0.91841,0.98470,1
omeprazol,omeprazzol,0.96832,0.99406,1
omeprazol,omepreazol,0.95834,0.97719,1
omeprazol,omeprezol,0.90000,0.93875,1
omeprazol,omeprozol,0.90000,0.94000,1
omeprazol,omeprqzol,0.86000,0.88047,1
omeprazol,omeprtazol,0.91841,0.91914,1
omeprazol,omeprzaol,0.90000,0.95000,1
omeprazol,omeprzol,0.91841,0.94974,1
omeprazol,omeptazol,0.86000,0.85375,1
omeprazol,omerprazol,0.94836,0.95408,1
omeprazol,omewprazol,0.91841,0.95099,1
omeprazol,ommeprazol,0.96832,0.99406,1
omeprazol,omoprazol,0.90000,0.94000,1
omeprazol,ompeprazol,0.94836,0.96157,1
omeprazol,omperaol,0.82857,0.87048,0
omeprazol,omperaozl,0.81000,0.90500,1
omeprazol,omperapzol,0.84853,0.90729,1
omeprazol,omperazol,0.90000,0.95000,1
omeprazol,omperzol,0.82857,0.90482,1
omeprazol,ompraazol,0.89000,0.94441,1
omeprazol,omprazol,0.91841,0.94974,1
omeprazol,omprezol,0.84853,0.91480,1
omeprazol,ompérazol,0.84000,0.94625,1
omeprazol,omwprazol,0.86000,0.91313,1
omeprazol,opmeprazol,0.94836,0.96157,1
omeprazol,oprazolan,0.80000,0.84063,0
omeprazol,pratiprazol,0.75174,0.78685,0
omeprazol,prazolon,0.77865,0.82924,0
omeprazol,prometaz,0.78864,0.73864,0
omeprazol,prometazona,0.77152,0.78070,0
omeprazol,rabeprazol,0.84853,0.82243,0
paracetamol,acarretam,0.77152,0.62116,0
paracetamol,acetamol,0.86287,0.87648,0
paracetamol,aparacetamoil,0.90011,0.94381,1
paracetamol,aparacetamol,0.96832,0.98281,1
paracetamol,aracetamol,0.94836,0.94909,1
paracetamol,cdparacetamol,0.91989,0.91315,1
paracetamol,clareameto,0.76867,0.73758,0
paracetamol,colatarem,0.75174,0.72858,0
paracetamol,coletaram,0.81108,0.75329,0
paracetamol,coletarem,0.78141,0.74217,0
paracetamol,coletarol,0.77152,0.70232,0
paracetamol,coloretal,0.75174,0.69430,0
paracetamol,comparacetamol,0.91134,0.90955,1
paracetamol,compartimental,0.68836,0.71840,0
paracetamol,completam,0.76163,0.74356,0
paracetamol,completaram,0.77000,0.76120,0
paracetamol,completarem,0.75000,0.75182,0
paracetamol,comportalmental,0.61924,0.66619,0
paracetamol,comportamental,0.67866,0.71980,0
paracetamol,comprtamental,0.70228,0.73498,0
paracetamol,coportamental,0.70228,0.74680,0
paracetamol,eparacetamol,0.96832,0.98218,1
paracetamol,metacarpal,0.75869,0.74303,0
paracetamol,metacarpo,0.75174,0.71923,0
paracetamol,mparacetamol,0.96832,0.97155,1
paracetamol,oparacetamol,0.96832,0.98218,1
paracetamol,paacetamol,0.92839,0.92137,1
paracetamol,paaracetamol,0.96832,0.99406,1
paracetamol,paarcetamol,0.92000,0.97063,1
paracetamol,paeacetamol,0.90000,0.90921,1
paracetamol,paeracetamol,0.94836,0.97220,1
paracetamol,pamracetamol,0.94836,0.95658,1
paracetamol,paraacteamol,0.87848,0.85534,1
paracetamol,paracaetamoal,0.90011,0.85655,1
paracetamol,paracaetamol,0.95834,0.88411,1
paracetamol,paracaetamola,0.91989,0.86953,1
paracetamol,paracatamol,0.91000,0.85563,1
paracetamol,paraceamol,0.92839,0.92413,1
paracetamol,paraceatamol,0.95834,0.97719,1
paracetamol,paracectamol,0.95834,0.93412,1
paracetamol,paracedtamol,0.92839,0.93724,1
paracetamol,paracemol,0.90011,0.90739,0
paracetamol,paracentral,0.78000,0.82051,0
paracetamol,paraceramol,0.91000,0.90875,1
paracetamol,paracertamol,0.95834,0.96219,1
paracetamol,paracertanol,0.84853,0.86923,1
paracetamol,paracetaamol,0.96832,0.99406,1
paracetamol,paracetal,0.87043,0.89005,0
paracetamol,paracetalmol,0.94836,0.95159,1
paracetamol,paracetam,0.89022,0.90743,0
paracetamol,paracetamil,0.88000,0.92750,1
paracetamol,paracetamiol,0.92839,0.95723,1
paracetamol,paracetaml,0.92839,0.95785,1
paracetamol,paracetamoil,0.92839,0.95847,1
paracetamol,paracetamol,1.00000,1.00000,1
paracetamol,paracetamole,0.97831,0.98780,1
paracetamol,paracetamolgts,0.88226,0.91015,1
paracetamol,paracetamoll,0.97831,0.99593,1
paracetamol,paracetamolo,0.97831,0.98780,1
paracetamol,paracetamolsn,0.91000,0.93850,1
paracetamol,paracetamom,0.94000,0.93500,1
paracetamol,paracetamosl,0.92839,0.95783,1
paracetamol,paracetamól,0.88000,0.99250,1
paracetamol,paracetanol,0.88000,0.90063,1
paracetamol,paracetaol,0.92839,0.92538,1
paracetamol,paracetemol,0.95000,0.97188,1
paracetamol,paracetmaol,0.91000,0.95500,1
paracetamol,paracetmol,0.95834,0.97657,1
paracetamol,paracetol,0.90011,0.90863,0
paracetamol,paracetomol,0.93000,0.96188,1
paracetamol,paracetramol,0.95834,0.95970,1
paracetamol,paracettamol,0.96832,0.99406,1
paracetamol,paracewtrao,0.78000,0.82238,0
paracetamol,paracontrole,0.75869,0.74444,0
paracetamol,paracretamol,0.95834,0.88732,1
paracetamol,paractamol,0.92839,0.85916,1
paracetamol,paracteamol,0.90000,0.85938,1
paracetamol,paracwetamol,0.92839,0.86352,1
paracetamol,paraectamol,0.90000,0.87188,1
paracetamol,paraqcetamol,0.92839,0.92725,1
paracetamol,paraxcetamol,0.92839,0.98657,1
paracetamol,parcaetamol,0.91000,0.87375,1
paracetamol,parcelamento,0.77865,0.82368,0
paracetamol,parcetamol,0.95834,0.97782,1
paracetamol,parecatmol,0.81858,0.82983,1
paracetamol,parecetamol,0.93000,0.96250,1
paracetamol,parectamol,0.88846,0.86165,1
paracetamol,parqacetmol,0.88000,0.90045,1
paracetamol,parracetamol,0.96832,0.90594,1
paracetamol,partacetamol,0.94836,0.95283,1
paracetamol,partesmoles,0.73000,0.82486,0
paracetamol,piracetam,0.80119,0.85356,0
paracetamol,poaracetamol,0.94836,0.97220,1
paracetamol,pracetam,0.83378,0.87808,0
paracetamol,pracetamol,0.94836,0.97282,1
paracetamol,praracetamol,0.95834,0.96531,1
paracetamol,praracetmol,0.92000,0.94354,1
paracetamol,páracetamol,0.90000,0.99375,1
paracetamol,pçaracetamol,0.92839,0.93100,1
paracetamol,racetamol,0.91989,0.85330,1
paracetamol,sfparacetamol,0.91000,0.92057,1
paracetamol,trometamol,0.76867,0.80298,0
risperidona,biperidenio,0.75000,0.77179,0
risperidona,biperidenos,0.77000,0.78938,0
risperidona,biperidona,0.84853,0.83179,0
risperidona,biperidonno,0.79000,0.79772,0
risperidona,biperidono,0.79862,0.79934,0
risperidona,bomperidorna,0.77865,0.76253,0
risperidona,deperidona,0.87848,0.85487,0
risperidona,diperideno,0.76867,0.79684,0
risperidona,dispensado,0.75869,0.77175,0
risperidona,dispensador,0.78000,0.79740,0
risperidona,dispensar,0.76163,0.78467,0
risperidona,dispereunia,0.76000,0.79177,0
risperidona,disperidona,0.95000,0.91875,0
risperidona,dispernas,0.82098,0.82185,0
risperidona,dispertador,0.77000,0.77181,0
risperidona,domperidna,0.80860,0.79672,0
risperidona,domperidoma,0.75000,0.73500,0
risperidona,domperidona,0.86000,0.82250,0
risperidona,dromperidona,0.82857,0.80434,0
risperidona,drosperidona,0.90843,0.88794,0
risperidona,erisperidona,0.96832,0.92784,1
risperidona,esperando,0.75174,0.79086,0
risperidona,espernado,0.79130,0.81064,0
risperidona,gasperina,0.77152,0.76494,0
risperidona,hesperidina,0.82000,0.86261,0
risperidona,hisperidina,0.85000,0.88945,1
risperidona,inesperada,0.75869,0.81306,0
risperidona,inesperado,0.79862,0.83677,0
risperidona,inesperados,0.78000,0.81938,0
risperidona,inserindo,0.76163,0.75965,0
risperidona,noristerona,0.76000,0.73313,0
risperidona,pednisona,0.78141,0.73537,0
risperidona,percorridos,0.76000,0.78326,0
risperidona,perdiendo,0.75174,0.79273,0
risperidona,perilesional,0.75869,0.68429,0
risperidona,perinasal,0.76163,0.69434,0
risperidona,periodonta,0.80860,0.80746,0
risperidona,periodontais,0.82857,0.82921,0
risperidona,periodontal,0.78000,0.76438,0
risperidona,periodontia,0.80000,0.79741,0
risperidona,periodontista,0.79130,0.79695,0
risperidona,perisistindo,0.76867,0.75316,0
risperidona,peristindo,0.76867,0.77989,0
risperidona,peritoneais,0.79000,0.78930,0
risperidona,persistendo,0.75000,0.76368,0
risperidona,persistindo,0.75000,0.76368,0
risperidona,prdnisona,0.78141,0.76860,0
risperidona,preddinisona,0.75869,0.76788,0
risperidona,predinisona,0.77000,0.77000,0
risperidona,predinsona,0.75869,0.81112,0
risperidona,predisolona,0.75000,0.73188,0
risperidona,predispondo,0.76000,0.79239,0
risperidona,predmisona,0.75869,0.74742,0
risperidona,predniona,0.75174,0.79897,0
risperidona,prednisoana,0.75000,0.76063,0
risperidona,prednison,0.75174,0.75314,0
risperidona,prednisona,0.78864,0.78052,0
risperidona,prednlisona,0.75000,0.74056,0
risperidona,prednsisona,0.77000,0.78052,0
risperidona,prenisona,0.78141,0.73608,0
risperidona,presdnisona,0.77000,0.77428,0
risperidona,presnisona,0.75869,0.74303,0
risperidona,primidona,0.77152,0.77704,0
risperidona,prisional,0.76163,0.68818,0
risperidona,repiridona,0.82857,0.86673,1
risperidona,resperidon,0.88846,0.93227,1
risperidona,resperidona,0.93000,0.95938,1
risperidona,respiridon,0.82857,0.90170,1
risperidona,respiridona,0.87000,0.92563,1
risperidona,respirodona,0.78000,0.89000,1
risperidona,respondida,0.76867,0.82800,0
risperidona,respondidas,0.75000,0.81174,0
risperidona,respondido,0.75869,0.81676,0
risperidona,respondona,0.77865,0.82989,0
risperidona,riepridona,0.85851,0.88795,1
risperidona,riperidona,0.92839,0.92289,1
risperidona,ripseridona,0.90000,0.91000,1
risperidona,ripsperidona,0.94836,0.95408,1
risperidona,risedronato,0.79000,0.76250,0
risperidona,risendronato,0.76867,0.75068,0
risperidona,rispeirdona,0.92000,0.95688,1
risperidona,rispeiridona,0.95834,0.97719,1
risperidona,risperdal,0.79130,0.83319,0
